"SCIENTIFIC NAME","OBSERVATION COUNT","LATITUDE","LONGITUDE","OBSERVATION DATE"
"Pycnonotus penicillatus","X",7.21016,79.831218,"10/19/12"
"Pycnonotus penicillatus","X",6.9815668,80.1745011,"1/20/14"
"Pycnonotus penicillatus","2",6.888566,79.943347,"12/11/16"
"Pycnonotus penicillatus","2",6.888566,79.943347,"12/12/16"
"Pycnonotus penicillatus","2",6.746289,80.191729,"7/15/18"
"Pycnonotus penicillatus","1",6.911849,79.922374,"9/15/18"
"Pycnonotus penicillatus","1",6.8887869,79.938305,"1/1/19"
"Pycnonotus penicillatus","4",6.724506,80.1560344,"4/13/19"
"Pycnonotus penicillatus","2",6.7854276,79.9446623,"4/5/19"
"Pycnonotus penicillatus","X",6.896115,79.887817,"11/1/20"
"Pycnonotus penicillatus","5",6.747163,80.191518,"12/13/20"
"Pycnonotus penicillatus","4",6.7937452,80.8012247,"4/27/11"
"Pycnonotus penicillatus","1",6.9674935,80.7675362,"4/28/11"
"Pycnonotus penicillatus","X",6.9589603,80.7737589,"10/30/11"
"Pycnonotus penicillatus","X",6.8114406,80.787921,"10/28/11"
"Pycnonotus penicillatus","8",6.9674935,80.7675362,"11/19/11"
"Pycnonotus penicillatus","X",6.8017992,80.8074045,"12/22/11"
"Pycnonotus penicillatus","X",7.9201149,80.6795614,"12/25/11"
"Pycnonotus penicillatus","X",6.8017992,80.8074045,"12/22/11"
"Pycnonotus penicillatus","1",6.9703902,80.7722139,"12/4/11"
"Pycnonotus penicillatus","X",7.9201149,80.6795614,"12/25/11"
"Pycnonotus penicillatus","1",6.9703902,80.7722139,"12/4/11"
"Pycnonotus penicillatus","X",6.9709007,80.7727211,"1/8/12"
"Pycnonotus penicillatus","2",6.9674935,80.7675362,"2/11/12"
"Pycnonotus penicillatus","4",6.9257665,80.8217919,"2/12/12"
"Pycnonotus penicillatus","4",6.8017992,80.8074045,"2/12/12"
"Pycnonotus penicillatus","2",6.9709007,80.7727211,"3/26/12"
"Pycnonotus penicillatus","X",6.9261286,80.8222318,"4/10/12"
"Pycnonotus penicillatus","6",6.9709007,80.7727211,"4/7/12"
"Pycnonotus penicillatus","1",7.5258481,80.7386782,"4/7/12"
"Pycnonotus penicillatus","4",6.8017992,80.8074045,"4/8/12"
"Pycnonotus penicillatus","1",6.8017992,80.8074045,"5/4/12"
"Pycnonotus penicillatus","4",6.8017992,80.8074045,"8/15/12"
"Pycnonotus penicillatus","1",6.9709007,80.7727211,"8/15/12"
"Pycnonotus penicillatus","20",7.0151378,80.7784858,"8/9/12"
"Pycnonotus penicillatus","20",7.0151378,80.7784858,"8/10/12"
"Pycnonotus penicillatus","1",7.4336822,80.8444834,"11/5/12"
"Pycnonotus penicillatus","X",6.8418783,80.7902979,"11/7/12"
"Pycnonotus penicillatus","X",6.9680667,80.7684157,"11/7/12"
"Pycnonotus penicillatus","1",6.9674935,80.7675362,"11/18/12"
"Pycnonotus penicillatus","10",6.8235461,80.5200326,"11/9/12"
"Pycnonotus penicillatus","X",6.8017992,80.8074045,"12/6/12"
"Pycnonotus penicillatus","1",6.7989015,80.8045077,"12/15/12"
"Pycnonotus penicillatus","X",6.8017992,80.8074045,"12/26/12"
"Pycnonotus penicillatus","4",6.9674935,80.7675362,"1/3/13"
"Pycnonotus penicillatus","16",6.8017992,80.8074045,"1/3/13"
"Pycnonotus penicillatus","4",6.939094,80.8005629,"1/4/13"
"Pycnonotus penicillatus","1",6.8017992,80.8074045,"2/4/13"
"Pycnonotus penicillatus","3",6.9709007,80.7727211,"2/20/13"
"Pycnonotus penicillatus","2",6.9674935,80.7675362,"2/22/13"
"Pycnonotus penicillatus","1",6.9543992,80.7824012,"2/16/13"
"Pycnonotus penicillatus","1",6.9543992,80.7824012,"2/17/13"
"Pycnonotus penicillatus","10",6.8017992,80.8074045,"2/18/13"
"Pycnonotus penicillatus","2",6.8113059,80.7879407,"2/17/13"
"Pycnonotus penicillatus","1",6.801799,80.807405,"3/11/13"
"Pycnonotus penicillatus","2",6.967494,80.767536,"3/10/13"
"Pycnonotus penicillatus","1",6.8050804,80.7920837,"3/27/13"
"Pycnonotus penicillatus","2",6.9674935,80.7675362,"3/26/13"
"Pycnonotus penicillatus","1",6.9850437,80.7783508,"7/14/13"
"Pycnonotus penicillatus","X",6.8017992,80.8074045,"8/22/13"
"Pycnonotus penicillatus","X",6.8053304,80.5754471,"8/19/13"
"Pycnonotus penicillatus","8",6.8017992,80.8074045,"9/25/13"
"Pycnonotus penicillatus","X",6.93885,80.80005,"9/13/13"
"Pycnonotus penicillatus","8",6.811,80.7879,"9/25/13"
"Pycnonotus penicillatus","X",6.9709007,80.7727211,"11/22/13"
"Pycnonotus penicillatus","X",6.9674935,80.7675362,"11/28/13"
"Pycnonotus penicillatus","5",6.8017992,80.8074045,"11/23/13"
"Pycnonotus penicillatus","5",6.9257665,80.8217919,"11/22/13"
"Pycnonotus penicillatus","2",6.955055,80.790024,"11/20/13"
"Pycnonotus penicillatus","4",6.8017992,80.8074045,"11/21/13"
"Pycnonotus penicillatus","X",6.9709007,80.7727211,"11/28/13"
"Pycnonotus penicillatus","X",6.9709007,80.7727211,"11/22/13"
"Pycnonotus penicillatus","6",6.9257665,80.8217919,"11/22/13"
"Pycnonotus penicillatus","2",6.9696021,80.7686949,"12/8/13"
"Pycnonotus penicillatus","7",6.8017992,80.8074045,"12/27/13"
"Pycnonotus penicillatus","4",6.8257047,80.8063316,"12/8/13"
"Pycnonotus penicillatus","X",6.9693348,80.7691758,"1/28/14"
"Pycnonotus penicillatus","5",6.8169936,80.7942461,"1/9/14"
"Pycnonotus penicillatus","3",6.8017992,80.8074045,"1/23/14"
"Pycnonotus penicillatus","X",6.8034415,80.8088207,"1/18/14"
"Pycnonotus penicillatus","X",6.9267768,80.8215408,"1/9/14"
"Pycnonotus penicillatus","X",6.9674935,80.7675362,"1/29/14"
"Pycnonotus penicillatus","2",6.9674935,80.7675362,"1/22/14"
"Pycnonotus penicillatus","1",6.9674935,80.7675362,"1/28/14"
"Pycnonotus penicillatus","3",6.9674935,80.7675362,"1/23/14"
"Pycnonotus penicillatus","3",6.8017992,80.8074045,"1/28/14"
"Pycnonotus penicillatus","X",6.8021873,80.8070093,"1/9/14"
"Pycnonotus penicillatus","X",6.9674935,80.7675362,"1/28/14"
"Pycnonotus penicillatus","4",6.8683276,80.8205795,"2/7/14"
"Pycnonotus penicillatus","1",6.953947,80.7805824,"2/20/14"
"Pycnonotus penicillatus","6",6.9674935,80.7675362,"2/20/14"
"Pycnonotus penicillatus","6",6.8017992,80.8074045,"2/27/14"
"Pycnonotus penicillatus","6",6.93176,80.81201,"2/19/14"
"Pycnonotus penicillatus","2",6.9674935,80.7675362,"2/6/14"
"Pycnonotus penicillatus","2",6.8455923,80.7844877,"2/11/14"
"Pycnonotus penicillatus","5",6.9811119,80.769516,"2/15/14"
"Pycnonotus penicillatus","2",6.8455923,80.7844877,"2/10/14"
"Pycnonotus penicillatus","8",6.9529718,80.8186846,"2/19/14"
"Pycnonotus penicillatus","1",6.8114894,80.8037496,"2/27/14"
"Pycnonotus penicillatus","1",6.9674935,80.7675362,"2/12/14"
"Pycnonotus penicillatus","4",6.8017992,80.8074045,"2/19/14"
"Pycnonotus penicillatus","10",6.8497098,80.8146358,"2/12/14"
"Pycnonotus penicillatus","1",6.9674935,80.7675362,"3/5/14"
"Pycnonotus penicillatus","1",6.9674935,80.7675362,"3/5/14"
"Pycnonotus penicillatus","X",6.8389992,80.8118248,"4/5/14"
"Pycnonotus penicillatus","2",6.838941,80.81218,"4/28/14"
"Pycnonotus penicillatus","X",6.9641282,80.7668066,"4/6/14"
"Pycnonotus penicillatus","X",6.9641282,80.7668066,"4/4/14"
"Pycnonotus penicillatus","X",7.2953,80.6363,"4/7/14"
"Pycnonotus penicillatus","2",6.9271937,80.8210087,"7/29/14"
"Pycnonotus penicillatus","1",6.9667267,80.7665062,"7/29/14"
"Pycnonotus penicillatus","1",7.4625602,80.7831573,"7/13/14"
"Pycnonotus penicillatus","X",6.8123644,80.793972,"8/31/14"
"Pycnonotus penicillatus","X",6.8123644,80.793972,"8/31/14"
"Pycnonotus penicillatus","1",6.833195,80.770362,"8/21/14"
"Pycnonotus penicillatus","X",6.9495905,80.7895008,"10/2/14"
"Pycnonotus penicillatus","X",6.9709007,80.7727211,"10/10/14"
"Pycnonotus penicillatus","1",6.9257665,80.8217919,"10/28/14"
"Pycnonotus penicillatus","X",6.8017992,80.8074045,"11/5/14"
"Pycnonotus penicillatus","X",6.9677367,80.768671,"11/5/14"
"Pycnonotus penicillatus","X",6.9805125,80.7712349,"11/6/14"
"Pycnonotus penicillatus","X",6.9663221,80.7779002,"11/4/14"
"Pycnonotus penicillatus","5",6.8418967,80.7879639,"11/23/14"
"Pycnonotus penicillatus","X",6.97072,80.768923,"12/18/14"
"Pycnonotus penicillatus","3",6.9674935,80.7675362,"12/13/14"
"Pycnonotus penicillatus","7",6.8312222,80.8070236,"12/31/14"
"Pycnonotus penicillatus","7",6.8312222,80.8070236,"12/31/14"
"Pycnonotus penicillatus","X",6.97072,80.768923,"12/17/14"
"Pycnonotus penicillatus","X",6.8017992,80.8074045,"12/14/14"
"Pycnonotus penicillatus","1",6.8017992,80.8074045,"12/29/14"
"Pycnonotus penicillatus","4",6.8017992,80.8074045,"1/21/15"
"Pycnonotus penicillatus","X",6.9662896,80.7798291,"1/1/15"
"Pycnonotus penicillatus","3",6.8017992,80.8074045,"1/20/15"
"Pycnonotus penicillatus","2",6.9891955,80.75037,"1/22/15"
"Pycnonotus penicillatus","X",6.7952178,80.8202435,"1/31/15"
"Pycnonotus penicillatus","4",6.8035805,80.8092499,"1/9/15"
"Pycnonotus penicillatus","10",6.8017992,80.8074045,"1/23/15"
"Pycnonotus penicillatus","5",6.9674935,80.7675362,"1/19/15"
"Pycnonotus penicillatus","X",6.9620514,80.7698676,"1/31/15"
"Pycnonotus penicillatus","1",6.8035805,80.8092499,"1/9/15"
"Pycnonotus penicillatus","1",6.9814496,80.7659805,"1/20/15"
"Pycnonotus penicillatus","3",6.9257665,80.8221889,"1/20/15"
"Pycnonotus penicillatus","10",6.8096372,80.8185196,"1/23/15"
"Pycnonotus penicillatus","5",6.7991146,80.7671928,"1/28/15"
"Pycnonotus penicillatus","X",6.7952178,80.8202435,"1/12/15"
"Pycnonotus penicillatus","3",6.9674935,80.7675362,"2/8/15"
"Pycnonotus penicillatus","X",6.9693348,80.7691758,"2/17/15"
"Pycnonotus penicillatus","X",6.970745,80.767918,"2/17/15"
"Pycnonotus penicillatus","2",6.9674935,80.7675362,"2/19/15"
"Pycnonotus penicillatus","2",6.9674935,80.7675362,"2/6/15"
"Pycnonotus penicillatus","2",6.953947,80.7805824,"2/19/15"
"Pycnonotus penicillatus","3",6.833195,80.770362,"2/24/15"
"Pycnonotus penicillatus","35",6.8128359,80.7876849,"2/1/15"
"Pycnonotus penicillatus","1",6.9674935,80.7675362,"2/10/15"
"Pycnonotus penicillatus","8",6.9674935,80.7675362,"2/15/15"
"Pycnonotus penicillatus","X",6.8149438,80.8053875,"2/18/15"
"Pycnonotus penicillatus","X",6.839401,80.8121675,"2/18/15"
"Pycnonotus penicillatus","10",6.95654,80.78461,"2/10/15"
"Pycnonotus penicillatus","X",6.8149438,80.8053875,"2/18/15"
"Pycnonotus penicillatus","3",6.9674935,80.7675362,"2/17/15"
"Pycnonotus penicillatus","X",6.8017992,80.8074045,"2/1/15"
"Pycnonotus penicillatus","4",6.9674935,80.7675362,"2/26/15"
"Pycnonotus penicillatus","1",6.9674935,80.7675362,"2/23/15"
"Pycnonotus penicillatus","2",6.9674935,80.7675362,"2/19/15"
"Pycnonotus penicillatus","1",6.93176,80.81201,"2/10/15"
"Pycnonotus penicillatus","7",6.8017992,80.8074045,"2/24/15"
"Pycnonotus penicillatus","X",6.8017992,80.8074045,"2/12/15"
"Pycnonotus penicillatus","2",6.953947,80.7805824,"2/10/15"
"Pycnonotus penicillatus","3",6.9674935,80.7675362,"2/17/15"
"Pycnonotus penicillatus","4",6.8099156,80.8032417,"2/13/15"
"Pycnonotus penicillatus","3",6.8028219,80.78848,"2/11/15"
"Pycnonotus penicillatus","X",6.9693348,80.7691758,"2/25/15"
"Pycnonotus penicillatus","4",6.9690697,80.7681799,"2/8/15"
"Pycnonotus penicillatus","1",6.9687521,80.7681799,"3/5/15"
"Pycnonotus penicillatus","2",6.8017992,80.8074045,"3/4/15"
"Pycnonotus penicillatus","X",6.7952178,80.8202435,"3/28/15"
"Pycnonotus penicillatus","X",6.9693348,80.7691758,"3/28/15"
"Pycnonotus penicillatus","X",6.9280336,80.8224474,"3/27/15"
"Pycnonotus penicillatus","X",6.9280336,80.8224474,"3/21/15"
"Pycnonotus penicillatus","6",6.8023532,80.7385254,"3/9/15"
"Pycnonotus penicillatus","1",6.9823069,80.7613939,"4/29/15"
"Pycnonotus penicillatus","10",6.8024413,80.8083916,"4/20/15"
"Pycnonotus penicillatus","4",7.3757459,80.8524656,"4/12/15"
"Pycnonotus penicillatus","10",6.7977776,80.8036897,"4/28/15"
"Pycnonotus penicillatus","10",6.7977776,80.8036897,"4/28/15"
"Pycnonotus penicillatus","1",6.9823069,80.7613939,"4/29/15"
"Pycnonotus penicillatus","10",6.7977776,80.8036897,"4/28/15"
"Pycnonotus penicillatus","2",6.9804227,80.7712269,"4/19/15"
"Pycnonotus penicillatus","2",6.9804227,80.7712269,"4/19/15"
"Pycnonotus penicillatus","X",6.8017992,80.8074045,"4/22/15"
"Pycnonotus penicillatus","10",6.8024413,80.8083916,"4/20/15"
"Pycnonotus penicillatus","2",6.9661985,80.777514,"5/9/15"
"Pycnonotus penicillatus","10",7.1682591,80.69031,"5/9/15"
"Pycnonotus penicillatus","2",6.9674935,80.7675362,"7/8/15"
"Pycnonotus penicillatus","2",6.9674935,80.7675362,"7/8/15"
"Pycnonotus penicillatus","8",7.4524328,80.7968903,"7/15/15"
"Pycnonotus penicillatus","3",6.9674935,80.7675362,"7/29/15"
"Pycnonotus penicillatus","1",7.2995991,80.6427813,"7/21/15"
"Pycnonotus penicillatus","1",6.8017992,80.8074045,"8/1/15"
"Pycnonotus penicillatus","X",6.9709007,80.7727211,"8/19/15"
"Pycnonotus penicillatus","X",6.8017992,80.8074045,"9/2/15"
"Pycnonotus penicillatus","X",6.8017992,80.8074045,"9/2/15"
"Pycnonotus penicillatus","2",6.9910871,80.8337975,"10/11/15"
"Pycnonotus penicillatus","2",6.8131555,80.8043146,"10/13/15"
"Pycnonotus penicillatus","X",6.8017992,80.8074045,"11/24/15"
"Pycnonotus penicillatus","X",6.9674935,80.7675362,"11/24/15"
"Pycnonotus penicillatus","X",6.8017992,80.8074045,"11/14/15"
"Pycnonotus penicillatus","X",6.8017992,80.8074045,"11/12/15"
"Pycnonotus penicillatus","X",6.970745,80.767918,"11/14/15"
"Pycnonotus penicillatus","X",6.8017992,80.8074045,"11/14/15"
"Pycnonotus penicillatus","X",6.9709007,80.7727211,"12/7/15"
"Pycnonotus penicillatus","10",6.8228071,80.7930279,"12/21/15"
"Pycnonotus penicillatus","1",6.9674935,80.7675362,"12/22/15"
"Pycnonotus penicillatus","X",6.8017992,80.8074045,"12/18/15"
"Pycnonotus penicillatus","2",7.535,80.738,"12/22/15"
"Pycnonotus penicillatus","4",6.9674935,80.7675362,"12/5/15"
"Pycnonotus penicillatus","X",6.8017992,80.8074045,"12/26/15"
"Pycnonotus penicillatus","2",6.9674935,80.7675362,"12/20/15"
"Pycnonotus penicillatus","8",6.8017992,80.8074045,"1/11/16"
"Pycnonotus penicillatus","10",6.8017992,80.8074045,"1/26/16"
"Pycnonotus penicillatus","2",6.9674935,80.7675362,"1/1/16"
"Pycnonotus penicillatus","3",6.9674935,80.7675362,"1/10/16"
"Pycnonotus penicillatus","3",6.8018923,80.807029,"1/1/16"
"Pycnonotus penicillatus","X",6.7937452,80.8012247,"1/10/16"
"Pycnonotus penicillatus","4",6.8017992,80.8074045,"1/26/16"
"Pycnonotus penicillatus","3",6.9604793,80.800361,"1/2/16"
"Pycnonotus penicillatus","3",6.9674935,80.7675362,"1/10/16"
"Pycnonotus penicillatus","4",6.9709007,80.7727211,"1/27/16"
"Pycnonotus penicillatus","8",6.8017992,80.8074045,"1/11/16"
"Pycnonotus penicillatus","4",6.9674935,80.7675362,"2/19/16"
"Pycnonotus penicillatus","X",6.8017992,80.8074045,"2/3/16"
"Pycnonotus penicillatus","8",6.9521238,80.77672,"2/20/16"
"Pycnonotus penicillatus","1",7.298234,80.643079,"2/24/16"
"Pycnonotus penicillatus","X",6.8017992,80.8074045,"2/26/16"
"Pycnonotus penicillatus","1",6.9674935,80.7675362,"2/21/16"
"Pycnonotus penicillatus","10",6.8237616,80.8013535,"2/20/16"
"Pycnonotus penicillatus","3",6.8543851,80.8314961,"2/25/16"
"Pycnonotus penicillatus","X",6.8316432,80.7936931,"2/23/16"
"Pycnonotus penicillatus","X",6.953,80.826,"2/24/16"
"Pycnonotus penicillatus","X",6.8017992,80.8074045,"2/18/16"
"Pycnonotus penicillatus","X",6.9674935,80.7675362,"2/25/16"
"Pycnonotus penicillatus","8",6.8017992,80.8074045,"2/25/16"
"Pycnonotus penicillatus","1",6.9674935,80.7675362,"2/21/16"
"Pycnonotus penicillatus","X",6.9709007,80.7727211,"3/4/16"
"Pycnonotus penicillatus","1",6.9507714,80.790088,"3/5/16"
"Pycnonotus penicillatus","X",6.9674935,80.7675362,"3/7/16"
"Pycnonotus penicillatus","2",6.9674935,80.7675362,"3/23/16"
"Pycnonotus penicillatus","1",6.8017992,80.8074045,"3/24/16"
"Pycnonotus penicillatus","1",6.9693,80.7739,"3/24/16"
"Pycnonotus penicillatus","3",6.8118789,80.8039713,"3/24/16"
"Pycnonotus penicillatus","3",7.2281176,80.6520724,"3/6/16"
"Pycnonotus penicillatus","2",6.9674935,80.7675362,"3/24/16"
"Pycnonotus penicillatus","1",6.8017992,80.8074045,"3/6/16"
"Pycnonotus penicillatus","1",6.9693,80.7739,"3/24/16"
"Pycnonotus penicillatus","2",6.9674935,80.7675362,"3/24/16"
"Pycnonotus penicillatus","2",6.9674935,80.7675362,"3/23/16"
"Pycnonotus penicillatus","10",6.8312222,80.8070236,"3/5/16"
"Pycnonotus penicillatus","1",6.9674935,80.7675362,"3/23/16"
"Pycnonotus penicillatus","14",6.802405,80.806681,"3/24/16"
"Pycnonotus penicillatus","3",6.8118789,80.8039713,"3/24/16"
"Pycnonotus penicillatus","1",6.970182,80.768343,"3/23/16"
"Pycnonotus penicillatus","X",6.9663221,80.7779002,"3/4/16"
"Pycnonotus penicillatus","10",6.8312222,80.8070236,"3/5/16"
"Pycnonotus penicillatus","3",7.2281176,80.6520724,"3/6/16"
"Pycnonotus penicillatus","3",6.9674935,80.7675362,"5/29/16"
"Pycnonotus penicillatus","22",7.1682591,80.69031,"5/14/16"
"Pycnonotus penicillatus","3",6.9708474,80.7710981,"5/30/16"
"Pycnonotus penicillatus","3",6.969488,80.768511,"5/4/16"
"Pycnonotus penicillatus","2",6.9661985,80.777514,"5/14/16"
"Pycnonotus penicillatus","4",6.8022827,80.8074026,"5/14/16"
"Pycnonotus penicillatus","6",6.800238,80.806694,"5/5/16"
"Pycnonotus penicillatus","3",6.80236,80.806817,"6/20/16"
"Pycnonotus penicillatus","1",6.8020975,80.8074045,"6/30/16"
"Pycnonotus penicillatus","1",7.055955,80.698848,"6/19/16"
"Pycnonotus penicillatus","2",6.9499514,80.7897442,"8/12/16"
"Pycnonotus penicillatus","X",6.8017992,80.8074045,"8/16/16"
"Pycnonotus penicillatus","4",6.8017992,80.8074045,"8/15/16"
"Pycnonotus penicillatus","3",6.7937452,80.8012247,"8/13/16"
"Pycnonotus penicillatus","10",6.7937452,80.8012247,"9/2/16"
"Pycnonotus penicillatus","2",6.9257665,80.8217919,"10/15/16"
"Pycnonotus penicillatus","1",6.9674935,80.7675362,"11/24/16"
"Pycnonotus penicillatus","2",6.953947,80.7805824,"11/24/16"
"Pycnonotus penicillatus","1",6.8017992,80.8074045,"11/25/16"
"Pycnonotus penicillatus","1",6.9395268,80.8010101,"11/13/16"
"Pycnonotus penicillatus","3",6.8017992,80.8074045,"11/10/16"
"Pycnonotus penicillatus","31",6.826888,80.806345,"12/5/16"
"Pycnonotus penicillatus","1",6.9674935,80.7675362,"12/27/16"
"Pycnonotus penicillatus","4",6.9737554,80.7707891,"12/9/16"
"Pycnonotus penicillatus","X",6.9709007,80.7727211,"12/3/16"
"Pycnonotus penicillatus","31",6.8271266,80.8064195,"12/5/16"
"Pycnonotus penicillatus","2",6.9674935,80.7675362,"12/8/16"
"Pycnonotus penicillatus","2",6.9674935,80.7675362,"12/6/16"
"Pycnonotus penicillatus","1",6.9674935,80.7675362,"12/17/16"
"Pycnonotus penicillatus","2",6.9674935,80.7675362,"12/6/16"
"Pycnonotus penicillatus","1",6.8016211,80.8075108,"12/27/16"
"Pycnonotus penicillatus","1",6.9674935,80.7675362,"12/17/16"
"Pycnonotus penicillatus","2",6.9674935,80.7675362,"12/6/16"
"Pycnonotus penicillatus","12",6.802055,80.807394,"12/26/16"
"Pycnonotus penicillatus","2",6.9674935,80.7675362,"12/9/16"
"Pycnonotus penicillatus","2",6.831153,80.807199,"12/9/16"
"Pycnonotus penicillatus","X",6.9674935,80.7675362,"12/2/16"
"Pycnonotus penicillatus","X",6.8017992,80.8074045,"12/3/16"
"Pycnonotus penicillatus","31",6.8271266,80.8064195,"12/5/16"
"Pycnonotus penicillatus","5",6.854268,80.831633,"12/8/16"
"Pycnonotus penicillatus","2",6.953947,80.7805824,"12/10/16"
"Pycnonotus penicillatus","8",6.831153,80.807199,"12/10/16"
"Pycnonotus penicillatus","12",6.802055,80.807394,"12/26/16"
"Pycnonotus penicillatus","1",6.93904,80.800474,"1/24/17"
"Pycnonotus penicillatus","2",6.7937452,80.8012247,"1/17/17"
"Pycnonotus penicillatus","X",6.8017992,80.8074045,"1/26/17"
"Pycnonotus penicillatus","5",6.840466,80.812757,"1/19/17"
"Pycnonotus penicillatus","2",6.982343,80.766114,"1/26/17"
"Pycnonotus penicillatus","2",6.7937452,80.8012247,"1/17/17"
"Pycnonotus penicillatus","10",6.9709007,80.7727211,"1/1/17"
"Pycnonotus penicillatus","2",6.9674935,80.7675362,"1/15/17"
"Pycnonotus penicillatus","2",6.9674935,80.7675362,"1/15/17"
"Pycnonotus penicillatus","X",6.8017992,80.8074045,"1/5/17"
"Pycnonotus penicillatus","1",6.8017992,80.8074045,"1/2/17"
"Pycnonotus penicillatus","2",6.93904,80.800474,"1/25/17"
"Pycnonotus penicillatus","2",6.980862,80.765178,"1/26/17"
"Pycnonotus penicillatus","1",6.9674935,80.7675362,"1/25/17"
"Pycnonotus penicillatus","1",6.9674935,80.7675362,"1/27/17"
"Pycnonotus penicillatus","X",6.8017992,80.8074045,"1/28/17"
"Pycnonotus penicillatus","X",6.9674935,80.7675362,"1/25/17"
"Pycnonotus penicillatus","X",6.9709007,80.7727211,"1/13/17"
"Pycnonotus penicillatus","6",6.9593784,80.781136,"1/25/17"
"Pycnonotus penicillatus","X",6.8017992,80.8074045,"1/28/17"
"Pycnonotus penicillatus","X",6.8017992,80.8074045,"1/14/17"
"Pycnonotus penicillatus","5",6.8020975,80.8073616,"1/28/17"
"Pycnonotus penicillatus","2",6.9674935,80.7675362,"1/13/17"
"Pycnonotus penicillatus","1",7.3986001,80.691061,"2/7/17"
"Pycnonotus penicillatus","2",6.939155,80.8003967,"2/11/17"
"Pycnonotus penicillatus","5",6.9817247,80.7658032,"2/12/17"
"Pycnonotus penicillatus","2",6.9709007,80.7727211,"2/24/17"
"Pycnonotus penicillatus","6",6.8019311,80.8077656,"2/10/17"
"Pycnonotus penicillatus","2",6.9763422,80.7698099,"2/10/17"
"Pycnonotus penicillatus","2",6.939155,80.8003967,"2/11/17"
"Pycnonotus penicillatus","2",6.939155,80.8003967,"2/11/17"
"Pycnonotus penicillatus","2",6.9674935,80.7675362,"2/2/17"
"Pycnonotus penicillatus","2",6.9709007,80.7727211,"2/24/17"
"Pycnonotus penicillatus","6",6.8019311,80.8077656,"2/10/17"
"Pycnonotus penicillatus","1",6.9819598,80.7648578,"2/13/17"
"Pycnonotus penicillatus","6",6.8470542,80.8137136,"2/13/17"
"Pycnonotus penicillatus","2",6.9674935,80.7675362,"2/27/17"
"Pycnonotus penicillatus","X",6.8017992,80.8074045,"2/20/17"
"Pycnonotus penicillatus","5",6.8017992,80.8074045,"2/2/17"
"Pycnonotus penicillatus","1",6.9674935,80.7675362,"2/9/17"
"Pycnonotus penicillatus","2",7.9574816,80.7520652,"2/4/17"
"Pycnonotus penicillatus","1",6.9674935,80.7675362,"2/9/17"
"Pycnonotus penicillatus","1",6.8017566,80.8065623,"2/21/17"
"Pycnonotus penicillatus","2",6.9709007,80.7727211,"2/22/17"
"Pycnonotus penicillatus","6",6.8019311,80.8077656,"2/10/17"
"Pycnonotus penicillatus","2",6.9709007,80.7727211,"2/23/17"
"Pycnonotus penicillatus","2",6.9763422,80.7698099,"2/10/17"
"Pycnonotus penicillatus","5",6.8017992,80.8074045,"2/23/17"
"Pycnonotus penicillatus","1",6.9819598,80.7648578,"2/13/17"
"Pycnonotus penicillatus","1",6.9674935,80.7675362,"2/9/17"
"Pycnonotus penicillatus","X",6.8017992,80.8074045,"2/1/17"
"Pycnonotus penicillatus","2",6.9763422,80.7698099,"2/10/17"
"Pycnonotus penicillatus","2",6.9674935,80.7675362,"2/22/17"
"Pycnonotus penicillatus","1",6.9674935,80.7675362,"2/9/17"
"Pycnonotus penicillatus","2",6.9763422,80.7698099,"2/10/17"
"Pycnonotus penicillatus","6",6.8470542,80.8137136,"2/13/17"
"Pycnonotus penicillatus","6",6.8019311,80.8077656,"2/10/17"
"Pycnonotus penicillatus","2",6.9674935,80.7675362,"3/14/17"
"Pycnonotus penicillatus","6",6.8017992,80.8074045,"3/15/17"
"Pycnonotus penicillatus","X",6.7937452,80.8012247,"3/24/17"
"Pycnonotus penicillatus","X",6.8020159,80.833774,"3/25/17"
"Pycnonotus penicillatus","2",7.2974494,80.6426632,"3/14/17"
"Pycnonotus penicillatus","25",6.8117057,80.5000819,"3/17/17"
"Pycnonotus penicillatus","X",6.8020975,80.8074045,"3/28/17"
"Pycnonotus penicillatus","3",6.9617127,80.8010807,"4/20/17"
"Pycnonotus penicillatus","4",6.8017992,80.8074045,"4/28/17"
"Pycnonotus penicillatus","1",6.8017992,80.8074045,"4/21/17"
"Pycnonotus penicillatus","X",6.8017992,80.8074045,"5/23/17"
"Pycnonotus penicillatus","3",6.7937452,80.8012247,"6/23/17"
"Pycnonotus penicillatus","2",6.9663221,80.7779002,"6/11/17"
"Pycnonotus penicillatus","9",6.9257665,80.8217919,"7/9/17"
"Pycnonotus penicillatus","3",6.9674935,80.7675362,"7/10/17"
"Pycnonotus penicillatus","3",7.0006499,80.7733539,"7/14/17"
"Pycnonotus penicillatus","9",6.9257665,80.8217919,"7/9/17"
"Pycnonotus penicillatus","3",7.0006499,80.7733539,"7/14/17"
"Pycnonotus penicillatus","8",6.8017992,80.8074045,"7/11/17"
"Pycnonotus penicillatus","8",6.8017992,80.8074045,"7/11/17"
"Pycnonotus penicillatus","4",6.9782335,80.7866791,"7/10/17"
"Pycnonotus penicillatus","3",6.9511993,80.7818323,"7/15/17"
"Pycnonotus penicillatus","4",6.9782335,80.7866791,"7/10/17"
"Pycnonotus penicillatus","X",6.784062,80.783011,"7/30/17"
"Pycnonotus penicillatus","3",6.9674935,80.7675362,"7/10/17"
"Pycnonotus penicillatus","2",6.979498,80.763539,"8/2/17"
"Pycnonotus penicillatus","1",6.8020975,80.8074045,"9/30/17"
"Pycnonotus penicillatus","25",6.7937452,80.8012247,"9/26/17"
"Pycnonotus penicillatus","3",6.9709007,80.7727211,"10/29/17"
"Pycnonotus penicillatus","7",6.8017992,80.8074045,"10/29/17"
"Pycnonotus penicillatus","1",6.8017992,80.8074045,"10/22/17"
"Pycnonotus penicillatus","4",6.8017992,80.8074045,"10/22/17"
"Pycnonotus penicillatus","1",7.4487181,80.788314,"11/7/17"
"Pycnonotus penicillatus","1",6.8015172,80.8075835,"11/11/17"
"Pycnonotus penicillatus","2",6.9674935,80.7675362,"11/26/17"
"Pycnonotus penicillatus","6",6.9674935,80.7675362,"11/25/17"
"Pycnonotus penicillatus","2",6.9674935,80.7675362,"11/26/17"
"Pycnonotus penicillatus","X",6.8017992,80.8074045,"11/26/17"
"Pycnonotus penicillatus","5",6.8017992,80.8074045,"11/26/17"
"Pycnonotus penicillatus","2",6.9674935,80.7675362,"11/26/17"
"Pycnonotus penicillatus","2",6.9674935,80.7675362,"11/26/17"
"Pycnonotus penicillatus","12",6.8017992,80.8074045,"11/15/17"
"Pycnonotus penicillatus","1",6.9674935,80.7675362,"11/16/17"
"Pycnonotus penicillatus","6",6.9674935,80.7675362,"11/25/17"
"Pycnonotus penicillatus","X",6.9674935,80.7675362,"11/26/17"
"Pycnonotus penicillatus","X",6.9674935,80.7675362,"11/25/17"
"Pycnonotus penicillatus","6",6.9674935,80.7675362,"11/25/17"
"Pycnonotus penicillatus","6",6.9674935,80.7675362,"11/25/17"
"Pycnonotus penicillatus","5",6.8017992,80.8074045,"11/26/17"
"Pycnonotus penicillatus","1",6.9569413,80.7725499,"11/10/17"
"Pycnonotus penicillatus","6",6.9709007,80.7727211,"11/30/17"
"Pycnonotus penicillatus","1",6.8017992,80.8074045,"11/10/17"
"Pycnonotus penicillatus","1",6.9674935,80.7675362,"11/14/17"
"Pycnonotus penicillatus","1",7.2974494,80.6426632,"11/8/17"
"Pycnonotus penicillatus","5",6.8017992,80.8074045,"11/26/17"
"Pycnonotus penicillatus","2",6.9674935,80.7675362,"11/29/17"
"Pycnonotus penicillatus","1",6.9677184,80.7689406,"11/10/17"
"Pycnonotus penicillatus","5",6.8017992,80.8074045,"11/26/17"
"Pycnonotus penicillatus","1",6.9674935,80.7675362,"12/31/17"
"Pycnonotus penicillatus","9",6.8017992,80.8074045,"12/15/17"
"Pycnonotus penicillatus","2",6.9257665,80.8217919,"12/1/17"
"Pycnonotus penicillatus","1",6.9707804,80.7826268,"12/15/17"
"Pycnonotus penicillatus","1",6.9707804,80.7826268,"12/13/17"
"Pycnonotus penicillatus","12",6.9709007,80.7727211,"12/1/17"
"Pycnonotus penicillatus","2",6.9674935,80.7675362,"12/1/17"
"Pycnonotus penicillatus","12",6.8017992,80.8074045,"12/1/17"
"Pycnonotus penicillatus","1",6.9707804,80.7826268,"12/15/17"
"Pycnonotus penicillatus","X",6.9694646,80.7684717,"12/6/17"
"Pycnonotus penicillatus","1",6.9674935,80.7675362,"12/14/17"
"Pycnonotus penicillatus","2",6.9674935,80.7675362,"12/1/17"
"Pycnonotus penicillatus","12",6.8017992,80.8074045,"12/2/17"
"Pycnonotus penicillatus","1",6.9707804,80.7826268,"12/13/17"
"Pycnonotus penicillatus","2",6.9632727,80.7636711,"12/1/17"
"Pycnonotus penicillatus","5",6.8017992,80.8074045,"12/14/17"
"Pycnonotus penicillatus","1",6.9674935,80.7675362,"12/12/17"
"Pycnonotus penicillatus","6",6.8017992,80.8074045,"12/13/17"
"Pycnonotus penicillatus","1",6.9674935,80.7675362,"12/14/17"
"Pycnonotus penicillatus","1",6.9674935,80.7675362,"12/31/17"
"Pycnonotus penicillatus","6",6.9674935,80.7675362,"12/29/17"
"Pycnonotus penicillatus","1",6.9674935,80.7675362,"12/27/17"
"Pycnonotus penicillatus","4",6.93176,80.81201,"12/16/17"
"Pycnonotus penicillatus","2",6.9674935,80.7675362,"1/12/18"
"Pycnonotus penicillatus","1",6.9709007,80.7727211,"1/13/18"
"Pycnonotus penicillatus","8",6.9709007,80.7727211,"1/10/18"
"Pycnonotus penicillatus","3",6.8017992,80.8074045,"1/1/18"
"Pycnonotus penicillatus","4",6.9709007,80.7727211,"1/10/18"
"Pycnonotus penicillatus","12",6.8017992,80.8074045,"1/28/18"
"Pycnonotus penicillatus","30",6.8017992,80.8074045,"1/12/18"
"Pycnonotus penicillatus","4",6.813802,80.805384,"1/19/18"
"Pycnonotus penicillatus","4",6.9674935,80.7675362,"1/10/18"
"Pycnonotus penicillatus","12",6.8017992,80.8074045,"1/28/18"
"Pycnonotus penicillatus","21",6.8017992,80.8074045,"1/13/18"
"Pycnonotus penicillatus","5",6.9674935,80.7675362,"1/1/18"
"Pycnonotus penicillatus","4",6.977079,80.780122,"1/18/18"
"Pycnonotus penicillatus","4",6.9674935,80.7675362,"1/28/18"
"Pycnonotus penicillatus","2",6.9674935,80.7675362,"1/12/18"
"Pycnonotus penicillatus","4",6.977079,80.780122,"1/18/18"
"Pycnonotus penicillatus","4",6.835126,80.810546,"1/19/18"
"Pycnonotus penicillatus","2",6.9674935,80.7675362,"1/19/18"
"Pycnonotus penicillatus","3",6.8017992,80.8074045,"1/27/18"
"Pycnonotus penicillatus","4",6.835126,80.810546,"1/19/18"
"Pycnonotus penicillatus","4",6.9674935,80.7675362,"1/3/18"
"Pycnonotus penicillatus","4",6.9674935,80.7675362,"1/28/18"
"Pycnonotus penicillatus","20",6.8017992,80.8074045,"1/27/18"
"Pycnonotus penicillatus","3",6.8017992,80.8074045,"1/20/18"
"Pycnonotus penicillatus","2",6.9674935,80.7675362,"1/19/18"
"Pycnonotus penicillatus","2",6.9674935,80.7675362,"1/22/18"
"Pycnonotus penicillatus","2",6.9709007,80.7727211,"1/26/18"
"Pycnonotus penicillatus","1",6.853377,80.829181,"1/3/18"
"Pycnonotus penicillatus","8",6.9709007,80.7727211,"1/10/18"
"Pycnonotus penicillatus","1",6.82916,80.805758,"1/19/18"
"Pycnonotus penicillatus","30",6.8017992,80.8074045,"1/12/18"
"Pycnonotus penicillatus","20",6.8017992,80.8074045,"1/27/18"
"Pycnonotus penicillatus","4",6.977079,80.780122,"1/18/18"
"Pycnonotus penicillatus","2",6.9674935,80.7675362,"1/19/18"
"Pycnonotus penicillatus","4",6.813802,80.805384,"1/19/18"
"Pycnonotus penicillatus","4",6.9709007,80.7727211,"1/10/18"
"Pycnonotus penicillatus","8",6.8017992,80.8074045,"1/23/18"
"Pycnonotus penicillatus","10",6.8017992,80.8074045,"1/27/18"
"Pycnonotus penicillatus","5",6.9674935,80.7675362,"1/1/18"
"Pycnonotus penicillatus","1",6.9674935,80.7675362,"1/27/18"
"Pycnonotus penicillatus","X",6.9706777,80.7674396,"1/21/18"
"Pycnonotus penicillatus","1",6.9709007,80.7727211,"1/13/18"
"Pycnonotus penicillatus","2",6.9709007,80.7727211,"1/13/18"
"Pycnonotus penicillatus","4",6.9674935,80.7675362,"1/10/18"
"Pycnonotus penicillatus","1",6.9674935,80.7675362,"1/27/18"
"Pycnonotus penicillatus","6",6.8017992,80.8074045,"1/3/18"
"Pycnonotus penicillatus","4",6.9709007,80.7727211,"1/26/18"
"Pycnonotus penicillatus","2",6.853945,80.832085,"1/23/18"
"Pycnonotus penicillatus","3",6.9714333,80.7693233,"1/23/18"
"Pycnonotus penicillatus","4",6.9709007,80.7727211,"1/26/18"
"Pycnonotus penicillatus","5",6.93176,80.81201,"1/2/18"
"Pycnonotus penicillatus","5",6.93176,80.81201,"1/2/18"
"Pycnonotus penicillatus","1",6.82916,80.805758,"1/19/18"
"Pycnonotus penicillatus","10",6.8017992,80.8074045,"1/27/18"
"Pycnonotus penicillatus","4",6.9674935,80.7675362,"1/3/18"
"Pycnonotus penicillatus","3",6.9674935,80.7675362,"1/14/18"
"Pycnonotus penicillatus","2",6.9674935,80.7675362,"1/12/18"
"Pycnonotus penicillatus","3",6.9674935,80.7675362,"1/19/18"
"Pycnonotus penicillatus","2",6.9709007,80.7727211,"1/13/18"
"Pycnonotus penicillatus","4",6.835126,80.810546,"1/19/18"
"Pycnonotus penicillatus","6",6.8017992,80.8074045,"1/3/18"
"Pycnonotus penicillatus","2",6.9709007,80.7727211,"1/26/18"
"Pycnonotus penicillatus","1",6.82916,80.805758,"1/19/18"
"Pycnonotus penicillatus","3",6.8017992,80.8074045,"1/1/18"
"Pycnonotus penicillatus","4",6.813802,80.805384,"1/19/18"
"Pycnonotus penicillatus","X",6.8017992,80.8074045,"2/14/18"
"Pycnonotus penicillatus","4",6.990703,80.750563,"2/3/18"
"Pycnonotus penicillatus","X",6.9389947,80.8004234,"2/13/18"
"Pycnonotus penicillatus","X",6.9674935,80.7675362,"2/14/18"
"Pycnonotus penicillatus","5",6.9674935,80.7675362,"2/3/18"
"Pycnonotus penicillatus","5",6.9674935,80.7675362,"2/3/18"
"Pycnonotus penicillatus","10",6.9674935,80.7675362,"2/12/18"
"Pycnonotus penicillatus","5",6.9674935,80.7675362,"2/3/18"
"Pycnonotus penicillatus","2",6.9674935,80.7675362,"2/15/18"
"Pycnonotus penicillatus","1",6.7937452,80.8012247,"2/20/18"
"Pycnonotus penicillatus","1",6.9257665,80.8217919,"2/11/18"
"Pycnonotus penicillatus","4",6.990703,80.750563,"2/3/18"
"Pycnonotus penicillatus","1",6.9674935,80.7675362,"2/10/18"
"Pycnonotus penicillatus","4",6.990703,80.750563,"2/3/18"
"Pycnonotus penicillatus","2",6.989989,80.749538,"2/3/18"
"Pycnonotus penicillatus","2",6.990703,80.750563,"2/4/18"
"Pycnonotus penicillatus","2",6.990703,80.750563,"2/4/18"
"Pycnonotus penicillatus","12",6.8017992,80.8074045,"2/7/18"
"Pycnonotus penicillatus","5",6.960289,80.798428,"2/3/18"
"Pycnonotus penicillatus","2",6.990703,80.750563,"2/4/18"
"Pycnonotus penicillatus","2",6.9674935,80.7675362,"2/3/18"
"Pycnonotus penicillatus","2",6.989989,80.749538,"2/3/18"
"Pycnonotus penicillatus","2",6.990703,80.750563,"2/4/18"
"Pycnonotus penicillatus","1",6.9597638,80.7995832,"2/28/18"
"Pycnonotus penicillatus","2",6.989989,80.749538,"2/3/18"
"Pycnonotus penicillatus","5",6.9674935,80.7675362,"2/3/18"
"Pycnonotus penicillatus","2",6.989989,80.749538,"2/3/18"
"Pycnonotus penicillatus","5",6.960289,80.798428,"2/3/18"
"Pycnonotus penicillatus","6",6.8017992,80.8074045,"2/8/18"
"Pycnonotus penicillatus","4",6.8017992,80.8074045,"2/22/18"
"Pycnonotus penicillatus","2",6.989989,80.749538,"2/3/18"
"Pycnonotus penicillatus","X",6.8017992,80.8074045,"2/15/18"
"Pycnonotus penicillatus","2",6.9674935,80.7675362,"2/8/18"
"Pycnonotus penicillatus","5",6.960289,80.798428,"2/3/18"
"Pycnonotus penicillatus","5",6.960289,80.798428,"2/3/18"
"Pycnonotus penicillatus","5",6.960289,80.798428,"2/3/18"
"Pycnonotus penicillatus","X",6.8017992,80.8074045,"2/23/18"
"Pycnonotus penicillatus","X",6.9709007,80.7727211,"2/22/18"
"Pycnonotus penicillatus","4",6.990703,80.750563,"2/3/18"
"Pycnonotus penicillatus","1",6.8017992,80.8074045,"2/11/18"
"Pycnonotus penicillatus","4",6.990703,80.750563,"2/3/18"
"Pycnonotus penicillatus","2",6.9674935,80.7675362,"3/1/18"
"Pycnonotus penicillatus","4",6.8017992,80.8074045,"3/2/18"
"Pycnonotus penicillatus","1",6.9709007,80.7727211,"3/11/18"
"Pycnonotus penicillatus","2",6.9257665,80.8217919,"3/10/18"
"Pycnonotus penicillatus","4",6.938895,80.8001383,"3/9/18"
"Pycnonotus penicillatus","4",6.938895,80.8001383,"3/9/18"
"Pycnonotus penicillatus","2",6.830829,80.80684,"3/26/18"
"Pycnonotus penicillatus","3",6.9674935,80.7675362,"3/12/18"
"Pycnonotus penicillatus","2",6.9674935,80.7675362,"3/25/18"
"Pycnonotus penicillatus","2",6.830829,80.80684,"3/26/18"
"Pycnonotus penicillatus","7",6.8017992,80.8074045,"3/1/18"
"Pycnonotus penicillatus","1",6.837504,80.811031,"3/26/18"
"Pycnonotus penicillatus","1",6.848541,80.815228,"3/26/18"
"Pycnonotus penicillatus","2",6.938868,80.800578,"3/25/18"
"Pycnonotus penicillatus","4",6.8017992,80.8074045,"3/9/18"
"Pycnonotus penicillatus","1",6.8017992,80.8074045,"3/13/18"
"Pycnonotus penicillatus","2",6.938868,80.800578,"3/25/18"
"Pycnonotus penicillatus","1",6.9257665,80.8217919,"3/16/18"
"Pycnonotus penicillatus","2",6.8017992,80.8074045,"3/27/18"
"Pycnonotus penicillatus","1",6.9709007,80.7727211,"3/13/18"
"Pycnonotus penicillatus","2",6.8017992,80.8074045,"3/9/18"
"Pycnonotus penicillatus","2",6.9691123,80.768137,"3/8/18"
"Pycnonotus penicillatus","2",6.9674935,80.7675362,"3/25/18"
"Pycnonotus penicillatus","4",6.8017992,80.8074045,"3/17/18"
"Pycnonotus penicillatus","6",6.9709007,80.7727211,"3/16/18"
"Pycnonotus penicillatus","4",6.938895,80.8001383,"3/9/18"
"Pycnonotus penicillatus","1",6.837504,80.811031,"3/26/18"
"Pycnonotus penicillatus","4",6.8017992,80.8074045,"3/17/18"
"Pycnonotus penicillatus","6",6.9709007,80.7727211,"3/16/18"
"Pycnonotus penicillatus","4",6.938895,80.8001383,"3/9/18"
"Pycnonotus penicillatus","X",6.9828287,80.7668496,"3/14/18"
"Pycnonotus penicillatus","1",6.9674935,80.7675362,"3/14/18"
"Pycnonotus penicillatus","4",6.938895,80.8001383,"3/9/18"
"Pycnonotus penicillatus","1",6.8541827,80.8309436,"3/1/18"
"Pycnonotus penicillatus","1",6.848541,80.815228,"3/26/18"
"Pycnonotus penicillatus","X",6.8017992,80.8074045,"3/15/18"
"Pycnonotus penicillatus","X",6.9674935,80.7675362,"4/3/18"
"Pycnonotus penicillatus","X",6.9257665,80.8217919,"4/4/18"
"Pycnonotus penicillatus","6",6.8017992,80.8074045,"4/27/18"
"Pycnonotus penicillatus","3",6.7937452,80.8012247,"5/7/18"
"Pycnonotus penicillatus","2",6.9661985,80.777514,"5/5/18"
"Pycnonotus penicillatus","2",6.9674935,80.7675362,"6/25/18"
"Pycnonotus penicillatus","X",7.4522182,80.7299795,"6/16/18"
"Pycnonotus penicillatus","3",6.9653636,80.8066964,"7/30/18"
"Pycnonotus penicillatus","5",6.9663221,80.7779002,"7/28/18"
"Pycnonotus penicillatus","1",6.7937452,80.8012247,"7/19/18"
"Pycnonotus penicillatus","10",6.7937452,80.8012247,"7/29/18"
"Pycnonotus penicillatus","8",6.9609805,80.799948,"8/25/18"
"Pycnonotus penicillatus","2",6.9663221,80.7779002,"8/9/18"
"Pycnonotus penicillatus","6",6.7937452,80.8012247,"8/10/18"
"Pycnonotus penicillatus","1",6.9674935,80.7675362,"8/10/18"
"Pycnonotus penicillatus","8",6.9680546,80.7687591,"8/23/18"
"Pycnonotus penicillatus","1",6.9674935,80.7675362,"8/8/18"
"Pycnonotus penicillatus","5",6.7937452,80.8012247,"9/4/18"
"Pycnonotus penicillatus","5",6.7937452,80.8012247,"9/4/18"
"Pycnonotus penicillatus","5",6.7937452,80.8012247,"9/4/18"
"Pycnonotus penicillatus","5",6.7937452,80.8012247,"9/4/18"
"Pycnonotus penicillatus","2",7.557731,80.750718,"9/10/18"
"Pycnonotus penicillatus","6",6.9709007,80.7727211,"9/27/18"
"Pycnonotus penicillatus","2",7.557731,80.750718,"9/10/18"
"Pycnonotus penicillatus","2",7.557731,80.750718,"9/10/18"
"Pycnonotus penicillatus","1",7.522838,80.735703,"9/9/18"
"Pycnonotus penicillatus","1",7.522838,80.735703,"9/9/18"
"Pycnonotus penicillatus","1",7.522838,80.735703,"9/9/18"
"Pycnonotus penicillatus","1",6.9709007,80.7727211,"10/26/18"
"Pycnonotus penicillatus","1",6.7937452,80.8012247,"10/25/18"
"Pycnonotus penicillatus","X",6.8017992,80.8074045,"10/8/18"
"Pycnonotus penicillatus","1",6.9674935,80.7675362,"11/23/18"
"Pycnonotus penicillatus","8",6.8017992,80.8074045,"11/29/18"
"Pycnonotus penicillatus","2",6.9674935,80.7675362,"11/28/18"
"Pycnonotus penicillatus","X",6.8017992,80.8074045,"11/28/18"
"Pycnonotus penicillatus","6",6.8021,80.8074,"11/20/18"
"Pycnonotus penicillatus","1",6.9674935,80.7675362,"11/7/18"
"Pycnonotus penicillatus","X",6.9674935,80.7675362,"11/27/18"
"Pycnonotus penicillatus","3",6.8017992,80.8074045,"11/7/18"
"Pycnonotus penicillatus","2",6.8555799,80.8314881,"11/11/18"
"Pycnonotus penicillatus","1",6.9674935,80.7675362,"11/6/18"
"Pycnonotus penicillatus","1",6.853883,80.831213,"11/13/18"
"Pycnonotus penicillatus","X",6.9709007,80.7727211,"11/13/18"
"Pycnonotus penicillatus","2",6.9709007,80.7727211,"11/7/18"
"Pycnonotus penicillatus","1",6.9709007,80.7727211,"11/24/18"
"Pycnonotus penicillatus","2",6.8017992,80.8074045,"12/16/18"
"Pycnonotus penicillatus","2",6.9347144,80.8065206,"12/3/18"
"Pycnonotus penicillatus","2",6.8397858,80.8120089,"12/3/18"
"Pycnonotus penicillatus","1",6.9257665,80.8217919,"12/20/18"
"Pycnonotus penicillatus","1",6.8395281,80.8100649,"12/27/18"
"Pycnonotus penicillatus","3",7.2974494,80.6426632,"12/8/18"
"Pycnonotus penicillatus","5",6.8017992,80.8074045,"12/10/18"
"Pycnonotus penicillatus","2",6.9585317,80.7979839,"12/4/18"
"Pycnonotus penicillatus","7",6.8017992,80.8074045,"12/7/18"
"Pycnonotus penicillatus","2",6.7981552,80.8308163,"12/27/18"
"Pycnonotus penicillatus","1",6.9673414,80.768755,"12/2/18"
"Pycnonotus penicillatus","7",6.8017992,80.8074045,"12/6/18"
"Pycnonotus penicillatus","17",6.8538961,80.8312388,"12/3/18"
"Pycnonotus penicillatus","7",6.9709007,80.7727211,"12/9/18"
"Pycnonotus penicillatus","1",6.8017992,80.8074045,"12/10/18"
"Pycnonotus penicillatus","3",6.8395281,80.8100649,"12/7/18"
"Pycnonotus penicillatus","15",7.0006346,80.7731017,"12/20/18"
"Pycnonotus penicillatus","2",6.835247,80.8106956,"12/3/18"
"Pycnonotus penicillatus","6",6.8017992,80.8074045,"1/15/19"
"Pycnonotus penicillatus","1",6.9674935,80.7675362,"1/2/19"
"Pycnonotus penicillatus","1",6.8017992,80.8074045,"1/23/19"
"Pycnonotus penicillatus","X",6.8017992,80.8074045,"1/30/19"
"Pycnonotus penicillatus","5",6.8017992,80.8074045,"1/26/19"
"Pycnonotus penicillatus","1",6.9674935,80.7675362,"1/2/19"
"Pycnonotus penicillatus","X",6.9674935,80.7675362,"1/31/19"
"Pycnonotus penicillatus","2",6.9593502,80.7985971,"1/3/19"
"Pycnonotus penicillatus","2",6.9674935,80.7675362,"1/13/19"
"Pycnonotus penicillatus","2",6.9674935,80.7675362,"1/23/19"
"Pycnonotus penicillatus","1",6.9674935,80.7675362,"1/19/19"
"Pycnonotus penicillatus","3",6.9674935,80.7675362,"1/6/19"
"Pycnonotus penicillatus","22",6.8017992,80.8074045,"1/24/19"
"Pycnonotus penicillatus","22",6.8017992,80.8074045,"1/24/19"
"Pycnonotus penicillatus","22",6.8017992,80.8074045,"1/24/19"
"Pycnonotus penicillatus","3",6.8017992,80.8074045,"1/7/19"
"Pycnonotus penicillatus","2",6.9674935,80.7675362,"1/23/19"
"Pycnonotus penicillatus","3",6.939044,80.8002201,"1/21/19"
"Pycnonotus penicillatus","1",6.8534332,80.8311331,"1/18/19"
"Pycnonotus penicillatus","15",6.8002139,80.8124463,"1/22/19"
"Pycnonotus penicillatus","X",6.8017992,80.8074045,"1/30/19"
"Pycnonotus penicillatus","5",6.8017992,80.8074045,"1/17/19"
"Pycnonotus penicillatus","8",6.8017992,80.8074045,"1/13/19"
"Pycnonotus penicillatus","X",6.8017992,80.8074045,"1/27/19"
"Pycnonotus penicillatus","X",6.8017992,80.8074045,"1/30/19"
"Pycnonotus penicillatus","2",6.9674935,80.7675362,"1/23/19"
"Pycnonotus penicillatus","2",6.9674935,80.7675362,"1/16/19"
"Pycnonotus penicillatus","1",6.9257665,80.8217919,"1/15/19"
"Pycnonotus penicillatus","4",6.9699783,80.7672492,"1/15/19"
"Pycnonotus penicillatus","X",6.9709007,80.7727211,"1/30/19"
"Pycnonotus penicillatus","2",6.9593502,80.7985971,"1/3/19"
"Pycnonotus penicillatus","2",6.9674935,80.7675362,"1/2/19"
"Pycnonotus penicillatus","10",6.8017992,80.8074045,"1/2/19"
"Pycnonotus penicillatus","X",6.8336115,80.8091049,"2/7/19"
"Pycnonotus penicillatus","2",6.953947,80.7805824,"2/28/19"
"Pycnonotus penicillatus","1",6.9674935,80.7675362,"2/24/19"
"Pycnonotus penicillatus","X",6.8017992,80.8074045,"2/20/19"
"Pycnonotus penicillatus","12",6.8143806,80.806396,"2/27/19"
"Pycnonotus penicillatus","2",6.8017992,80.8074045,"2/14/19"
"Pycnonotus penicillatus","X",6.8017992,80.8074045,"2/25/19"
"Pycnonotus penicillatus","X",6.9674935,80.7675362,"2/12/19"
"Pycnonotus penicillatus","4",6.9674935,80.7675362,"2/3/19"
"Pycnonotus penicillatus","2",7.148515,80.698393,"2/7/19"
"Pycnonotus penicillatus","1",6.965115,80.759174,"2/13/19"
"Pycnonotus penicillatus","1",6.7937452,80.8012247,"2/25/19"
"Pycnonotus penicillatus","1",6.7937452,80.8012247,"2/25/19"
"Pycnonotus penicillatus","X",6.93176,80.81201,"2/19/19"
"Pycnonotus penicillatus","15",6.8094639,80.5004876,"2/22/19"
"Pycnonotus penicillatus","2",6.9674935,80.7675362,"2/28/19"
"Pycnonotus penicillatus","3",6.8017992,80.8074045,"2/11/19"
"Pycnonotus penicillatus","X",6.9674935,80.7675362,"2/19/19"
"Pycnonotus penicillatus","2",6.9674935,80.7675362,"2/10/19"
"Pycnonotus penicillatus","1",6.9674935,80.7675362,"2/16/19"
"Pycnonotus penicillatus","10",6.8143806,80.806396,"2/26/19"
"Pycnonotus penicillatus","1",6.9709007,80.7727211,"2/1/19"
"Pycnonotus penicillatus","2",6.7937452,80.8012247,"2/4/19"
"Pycnonotus penicillatus","22",6.9578023,80.7624936,"2/26/19"
"Pycnonotus penicillatus","1",6.9674935,80.7675362,"2/24/19"
"Pycnonotus penicillatus","1",6.9663221,80.7779002,"2/13/19"
"Pycnonotus penicillatus","2",6.9674935,80.7675362,"2/25/19"
"Pycnonotus penicillatus","2",6.9674935,80.7675362,"2/24/19"
"Pycnonotus penicillatus","X",6.8017992,80.8074045,"2/25/19"
"Pycnonotus penicillatus","X",6.8017992,80.8074045,"2/13/19"
"Pycnonotus penicillatus","4",6.8017992,80.8074045,"2/18/19"
"Pycnonotus penicillatus","1",6.7937452,80.8012247,"2/25/19"
"Pycnonotus penicillatus","4",6.9674935,80.7675362,"2/3/19"
"Pycnonotus penicillatus","16",6.8017992,80.8074045,"2/21/19"
"Pycnonotus penicillatus","X",6.8017992,80.8074045,"2/25/19"
"Pycnonotus penicillatus","15",6.8017992,80.8074045,"2/27/19"
"Pycnonotus penicillatus","1",6.9674935,80.7675362,"2/2/19"
"Pycnonotus penicillatus","2",6.9709007,80.7727211,"2/27/19"
"Pycnonotus penicillatus","1",6.8017992,80.8074045,"2/26/19"
"Pycnonotus penicillatus","1",6.9674935,80.7675362,"2/24/19"
"Pycnonotus penicillatus","4",6.8017992,80.8074045,"2/2/19"
"Pycnonotus penicillatus","X",6.9587078,80.7983048,"2/25/19"
"Pycnonotus penicillatus","X",6.8017992,80.8074045,"3/3/19"
"Pycnonotus penicillatus","4",6.798028,80.797762,"3/20/19"
"Pycnonotus penicillatus","2",6.9663221,80.7779002,"3/30/19"
"Pycnonotus penicillatus","1",7.9551433,80.7567644,"3/19/19"
"Pycnonotus penicillatus","X",6.8017992,80.8074045,"3/1/19"
"Pycnonotus penicillatus","2",6.8017992,80.8074045,"3/2/19"
"Pycnonotus penicillatus","2",6.9674935,80.7675362,"3/15/19"
"Pycnonotus penicillatus","3",6.9663221,80.7779002,"3/30/19"
"Pycnonotus penicillatus","5",6.9674935,80.7675362,"3/16/19"
"Pycnonotus penicillatus","20",6.7937452,80.8012247,"3/14/19"
"Pycnonotus penicillatus","2",6.9674935,80.7675362,"3/29/19"
"Pycnonotus penicillatus","1",6.9674935,80.7675362,"3/12/19"
"Pycnonotus penicillatus","1",6.8017992,80.8074045,"3/20/19"
"Pycnonotus penicillatus","3",6.9663221,80.7779002,"3/30/19"
"Pycnonotus penicillatus","10",6.83106,80.807062,"4/14/19"
"Pycnonotus penicillatus","X",7.3718359,80.8407883,"4/14/19"
"Pycnonotus penicillatus","2",6.832027,80.807539,"5/22/19"
"Pycnonotus penicillatus","1",6.8130183,80.806915,"5/23/19"
"Pycnonotus penicillatus","4",6.85384,80.831312,"5/22/19"
"Pycnonotus penicillatus","2",6.8130183,80.806915,"5/26/19"
"Pycnonotus penicillatus","X",6.9257665,80.8217919,"6/1/19"
"Pycnonotus penicillatus","2",6.9674935,80.7675362,"6/21/19"
"Pycnonotus penicillatus","2",6.938883,80.80008,"6/2/19"
"Pycnonotus penicillatus","4",6.9257665,80.8217919,"6/3/19"
"Pycnonotus penicillatus","2",6.9257665,80.8217919,"6/2/19"
"Pycnonotus penicillatus","2",6.9674935,80.7675362,"6/21/19"
"Pycnonotus penicillatus","X",6.8017992,80.8074045,"6/2/19"
"Pycnonotus penicillatus","X",6.9257665,80.8217919,"6/1/19"
"Pycnonotus penicillatus","8",6.83288,80.807849,"6/3/19"
"Pycnonotus penicillatus","1",6.8017992,80.8074045,"6/20/19"
"Pycnonotus penicillatus","3",6.9820958,80.7613786,"7/16/19"
"Pycnonotus penicillatus","2",6.9820533,80.7614038,"7/18/19"
"Pycnonotus penicillatus","4",6.9820533,80.7614038,"7/18/19"
"Pycnonotus penicillatus","3",6.9820533,80.7614038,"7/19/19"
"Pycnonotus penicillatus","4",6.8017992,80.8074045,"8/3/19"
"Pycnonotus penicillatus","4",7.0245613,80.7818632,"8/31/19"
"Pycnonotus penicillatus","X",6.8017992,80.8074045,"8/20/19"
"Pycnonotus penicillatus","1",6.9663221,80.7779002,"8/26/19"
"Pycnonotus penicillatus","1",6.9658528,80.7614345,"8/13/19"
"Pycnonotus penicillatus","1",6.9658528,80.7614345,"8/13/19"
"Pycnonotus penicillatus","6",6.7937452,80.8012247,"8/24/19"
"Pycnonotus penicillatus","1",6.9261323,80.821234,"8/30/19"
"Pycnonotus penicillatus","6",6.7937452,80.8012247,"8/24/19"
"Pycnonotus penicillatus","6",6.7937452,80.8012247,"8/24/19"
"Pycnonotus penicillatus","1",6.8017992,80.8074045,"8/14/19"
"Pycnonotus penicillatus","1",6.9658528,80.7614345,"8/13/19"
"Pycnonotus penicillatus","1",6.8017992,80.8074045,"8/12/19"
"Pycnonotus penicillatus","2",7.526043,80.7340622,"9/14/19"
"Pycnonotus penicillatus","1",7.026056,80.789397,"9/26/19"
"Pycnonotus penicillatus","1",6.9609805,80.799948,"10/26/19"
"Pycnonotus penicillatus","2",6.9663221,80.7779002,"10/24/19"
"Pycnonotus penicillatus","1",6.9265866,80.8215237,"10/27/19"
"Pycnonotus penicillatus","1",6.8020975,80.8074045,"10/25/19"
"Pycnonotus penicillatus","2",6.9663221,80.7779002,"10/24/19"
"Pycnonotus penicillatus","1",6.9663221,80.7779002,"10/26/19"
"Pycnonotus penicillatus","X",6.8017992,80.8074045,"11/15/19"
"Pycnonotus penicillatus","1",6.9617921,80.8005451,"11/25/19"
"Pycnonotus penicillatus","1",6.8017992,80.8074045,"11/24/19"
"Pycnonotus penicillatus","X",6.9257665,80.8217919,"11/10/19"
"Pycnonotus penicillatus","7",6.9663434,80.7778788,"11/27/19"
"Pycnonotus penicillatus","2",6.9677784,80.7676569,"11/15/19"
"Pycnonotus penicillatus","2",6.8017992,80.8074045,"11/26/19"
"Pycnonotus penicillatus","3",6.9634893,80.806632,"11/30/19"
"Pycnonotus penicillatus","X",6.8017992,80.8074045,"11/11/19"
"Pycnonotus penicillatus","1",6.9709007,80.7727211,"11/23/19"
"Pycnonotus penicillatus","4",7.3844813,80.8419621,"11/10/19"
"Pycnonotus penicillatus","2",6.9674935,80.7675362,"11/30/19"
"Pycnonotus penicillatus","X",6.9693348,80.7691758,"11/12/19"
"Pycnonotus penicillatus","X",6.9674935,80.7675362,"11/10/19"
"Pycnonotus penicillatus","X",6.9257665,80.8217919,"11/10/19"
"Pycnonotus penicillatus","3",6.93176,80.81201,"11/23/19"
"Pycnonotus penicillatus","X",6.8017992,80.8074045,"11/11/19"
"Pycnonotus penicillatus","X",6.9674935,80.7675362,"11/10/19"
"Pycnonotus penicillatus","2",6.8017992,80.8074045,"11/24/19"
"Pycnonotus penicillatus","6",6.8017992,80.8074045,"11/29/19"
"Pycnonotus penicillatus","4",6.8017992,80.8074045,"11/14/19"
"Pycnonotus penicillatus","X",6.8017992,80.8074045,"11/24/19"
"Pycnonotus penicillatus","X",6.8017992,80.8074045,"11/11/19"
"Pycnonotus penicillatus","2",6.93176,80.81201,"11/23/19"
"Pycnonotus penicillatus","X",6.9257665,80.8217919,"11/14/19"
"Pycnonotus penicillatus","2",6.9674935,80.7675362,"11/25/19"
"Pycnonotus penicillatus","X",6.959659,80.7981713,"11/13/19"
"Pycnonotus penicillatus","4",6.9389134,80.8002198,"11/15/19"
"Pycnonotus penicillatus","1",6.9592219,80.7985317,"11/15/19"
"Pycnonotus penicillatus","5",7.0570694,80.6955242,"11/30/19"
"Pycnonotus penicillatus","1",7.28485,80.63966,"11/19/19"
"Pycnonotus penicillatus","3",6.9587941,80.7980911,"11/13/19"
"Pycnonotus penicillatus","X",6.8017992,80.8074045,"11/11/19"
"Pycnonotus penicillatus","X",6.9706777,80.7674396,"11/14/19"
"Pycnonotus penicillatus","X",6.9674935,80.7675362,"11/10/19"
"Pycnonotus penicillatus","X",6.8018677,80.8066713,"11/12/19"
"Pycnonotus penicillatus","X",6.9674935,80.7675362,"12/30/19"
"Pycnonotus penicillatus","6",6.831,80.8069,"12/2/19"
"Pycnonotus penicillatus","5",6.8017992,80.8074045,"12/12/19"
"Pycnonotus penicillatus","2",6.801024,80.806729,"12/5/19"
"Pycnonotus penicillatus","5",6.8017992,80.8074045,"12/12/19"
"Pycnonotus penicillatus","4",6.8337,80.809,"12/3/19"
"Pycnonotus penicillatus","5",6.8035805,80.8092499,"12/11/19"
"Pycnonotus penicillatus","2",6.9586889,80.7978973,"12/29/19"
"Pycnonotus penicillatus","2",6.9501744,80.7879804,"12/29/19"
"Pycnonotus penicillatus","2",6.8442,80.8147,"12/5/19"
"Pycnonotus penicillatus","1",6.9674935,80.7675362,"12/12/19"
"Pycnonotus penicillatus","3",6.9602076,80.7963245,"12/29/19"
"Pycnonotus penicillatus","2",6.9709007,80.7727211,"12/19/19"
"Pycnonotus penicillatus","5",6.8391,80.8122,"12/2/19"
"Pycnonotus penicillatus","1",6.9674935,80.7675362,"12/27/19"
"Pycnonotus penicillatus","1",6.8035805,80.8092499,"12/11/19"
"Pycnonotus penicillatus","12",6.8017992,80.8074045,"12/13/19"
"Pycnonotus penicillatus","X",6.8363,80.8109,"12/5/19"
"Pycnonotus penicillatus","1",6.8017992,80.8074045,"12/23/19"
"Pycnonotus penicillatus","5",6.8017992,80.8074045,"12/12/19"
"Pycnonotus penicillatus","8",6.831,80.8069,"12/5/19"
"Pycnonotus penicillatus","1",6.9501744,80.7879804,"12/31/19"
"Pycnonotus penicillatus","14",7.522824,80.736164,"12/1/19"
"Pycnonotus penicillatus","1",6.8017992,80.8074045,"12/14/19"
"Pycnonotus penicillatus","2",6.8017992,80.8074045,"12/29/19"
"Pycnonotus penicillatus","6",6.831,80.8069,"12/3/19"
"Pycnonotus penicillatus","2",6.8442,80.8147,"12/2/19"
"Pycnonotus penicillatus","1",6.8035805,80.8092499,"12/11/19"
"Pycnonotus penicillatus","8",6.801024,80.806729,"12/28/19"
"Pycnonotus penicillatus","X",6.9709007,80.7727211,"12/15/19"
"Pycnonotus penicillatus","6",6.83525,80.810542,"12/14/19"
"Pycnonotus penicillatus","X",6.7937452,80.8012247,"12/29/19"
"Pycnonotus penicillatus","2",6.8017992,80.8074045,"12/21/19"
"Pycnonotus penicillatus","6",6.8035805,80.8092499,"12/11/19"
"Pycnonotus penicillatus","X",6.9592,80.7983,"12/4/19"
"Pycnonotus penicillatus","2",6.7987758,80.8080112,"12/30/19"
"Pycnonotus penicillatus","1",6.9709007,80.7727211,"12/25/19"
"Pycnonotus penicillatus","X",6.8017992,80.8074045,"12/30/19"
"Pycnonotus penicillatus","1",6.8017992,80.8074045,"12/28/19"
"Pycnonotus penicillatus","1",6.9674935,80.7675362,"12/12/19"
"Pycnonotus penicillatus","1",6.9674935,80.7675362,"12/12/19"
"Pycnonotus penicillatus","X",6.969998,80.7673941,"12/30/19"
"Pycnonotus penicillatus","4",6.9663221,80.7779002,"12/20/19"
"Pycnonotus penicillatus","X",6.831,80.8069,"12/3/19"
"Pycnonotus penicillatus","5",6.8035805,80.8092499,"12/11/19"
"Pycnonotus penicillatus","X",6.8017992,80.8074045,"12/24/19"
"Pycnonotus penicillatus","10",6.8017992,80.8074045,"12/1/19"
"Pycnonotus penicillatus","X",6.969998,80.7673941,"12/29/19"
"Pycnonotus penicillatus","2",6.9674935,80.7675362,"12/30/19"
"Pycnonotus penicillatus","3",6.969998,80.7673941,"12/28/19"
"Pycnonotus penicillatus","1",6.9674935,80.7675362,"12/12/19"
"Pycnonotus penicillatus","5",6.8017992,80.8074045,"12/12/19"
"Pycnonotus penicillatus","1",6.9690697,80.7682014,"12/29/19"
"Pycnonotus penicillatus","6",6.8035805,80.8092499,"12/11/19"
"Pycnonotus penicillatus","2",6.9602076,80.7963245,"12/30/19"
"Pycnonotus penicillatus","2",6.93176,80.81201,"1/29/20"
"Pycnonotus penicillatus","4",6.83364,80.80913,"1/24/20"
"Pycnonotus penicillatus","X",6.8536132,80.8312928,"1/31/20"
"Pycnonotus penicillatus","6",6.7937452,80.8012247,"1/28/20"
"Pycnonotus penicillatus","1",6.8017992,80.8074045,"1/18/20"
"Pycnonotus penicillatus","1",6.8017992,80.8074045,"1/25/20"
"Pycnonotus penicillatus","X",6.8017992,80.8074045,"1/15/20"
"Pycnonotus penicillatus","4",6.83364,80.80913,"1/24/20"
"Pycnonotus penicillatus","4",6.9674935,80.7675362,"1/23/20"
"Pycnonotus penicillatus","4",6.9674935,80.7675362,"1/23/20"
"Pycnonotus penicillatus","2",6.9709007,80.7727211,"1/30/20"
"Pycnonotus penicillatus","2",6.9674935,80.7675362,"1/13/20"
"Pycnonotus penicillatus","1",6.961352,80.802396,"1/25/20"
"Pycnonotus penicillatus","6",6.8017992,80.8074045,"1/31/20"
"Pycnonotus penicillatus","1",6.9674935,80.7675362,"1/22/20"
"Pycnonotus penicillatus","4",6.83364,80.80913,"1/24/20"
"Pycnonotus penicillatus","X",6.991894,80.83372,"1/14/20"
"Pycnonotus penicillatus","4",6.83364,80.80913,"1/24/20"
"Pycnonotus penicillatus","4",6.9674935,80.7675362,"1/23/20"
"Pycnonotus penicillatus","X",6.9709007,80.7727211,"1/15/20"
"Pycnonotus penicillatus","1",6.961352,80.802396,"1/25/20"
"Pycnonotus penicillatus","2",6.9709007,80.7727211,"1/27/20"
"Pycnonotus penicillatus","X",6.9674935,80.7675362,"1/14/20"
"Pycnonotus penicillatus","1",6.8017992,80.8074045,"1/28/20"
"Pycnonotus penicillatus","1",6.961352,80.802396,"1/25/20"
"Pycnonotus penicillatus","3",6.8017992,80.8074045,"1/23/20"
"Pycnonotus penicillatus","1",6.9709007,80.7727211,"1/24/20"
"Pycnonotus penicillatus","X",6.7937452,80.8012247,"1/14/20"
"Pycnonotus penicillatus","5",6.9663221,80.7779002,"1/30/20"
"Pycnonotus penicillatus","6",6.7937452,80.8012247,"1/28/20"
"Pycnonotus penicillatus","2",6.9674935,80.7675362,"1/22/20"
"Pycnonotus penicillatus","6",6.9663221,80.7779002,"1/10/20"
"Pycnonotus penicillatus","2",6.9709007,80.7727211,"1/27/20"
"Pycnonotus penicillatus","2",6.9674935,80.7675362,"1/10/20"
"Pycnonotus penicillatus","2",6.93176,80.81201,"1/29/20"
"Pycnonotus penicillatus","3",6.965939,80.781921,"1/30/20"
"Pycnonotus penicillatus","1",6.97093,80.767981,"1/17/20"
"Pycnonotus penicillatus","2",6.9674935,80.7675362,"1/31/20"
"Pycnonotus penicillatus","2",6.9674935,80.7675362,"1/31/20"
"Pycnonotus penicillatus","4",6.9674935,80.7675362,"1/15/20"
"Pycnonotus penicillatus","2",6.9709007,80.7727211,"1/30/20"
"Pycnonotus penicillatus","X",6.8310311,80.8070183,"1/31/20"
"Pycnonotus penicillatus","2",6.9691668,80.7680568,"1/27/20"
"Pycnonotus penicillatus","1",6.8017992,80.8074045,"1/28/20"
"Pycnonotus penicillatus","4",6.9674935,80.7675362,"1/23/20"
"Pycnonotus penicillatus","X",6.959659,80.7981713,"1/31/20"
"Pycnonotus penicillatus","6",6.8017992,80.8074045,"1/31/20"
"Pycnonotus penicillatus","1",6.8017992,80.8074045,"1/23/20"
"Pycnonotus penicillatus","1",6.9674935,80.7675362,"2/22/20"
"Pycnonotus penicillatus","7",6.8017992,80.8074045,"2/20/20"
"Pycnonotus penicillatus","2",6.9674935,80.7675362,"2/16/20"
"Pycnonotus penicillatus","2",6.7922914,80.7899923,"2/1/20"
"Pycnonotus penicillatus","6",6.8017992,80.8074045,"2/23/20"
"Pycnonotus penicillatus","4",6.9257665,80.8217919,"2/11/20"
"Pycnonotus penicillatus","1",6.967476,80.768819,"2/23/20"
"Pycnonotus penicillatus","5",6.7937452,80.8012247,"2/21/20"
"Pycnonotus penicillatus","5",6.8017992,80.8074045,"2/23/20"
"Pycnonotus penicillatus","1",6.9674935,80.7675362,"2/6/20"
"Pycnonotus penicillatus","1",6.9674935,80.7675362,"2/6/20"
"Pycnonotus penicillatus","7",6.8017992,80.8074045,"2/7/20"
"Pycnonotus penicillatus","3",6.8017992,80.8074045,"2/23/20"
"Pycnonotus penicillatus","4",6.9317721,80.811919,"2/24/20"
"Pycnonotus penicillatus","2",6.9663221,80.7779002,"2/4/20"
"Pycnonotus penicillatus","4",6.9674935,80.7675362,"2/8/20"
"Pycnonotus penicillatus","1",6.9674935,80.7675362,"2/6/20"
"Pycnonotus penicillatus","3",6.835138,80.810538,"2/23/20"
"Pycnonotus penicillatus","X",6.9609333,80.799378,"2/29/20"
"Pycnonotus penicillatus","X",7.3198,80.576,"2/9/20"
"Pycnonotus penicillatus","6",6.939574,80.799171,"2/1/20"
"Pycnonotus penicillatus","7",6.8017992,80.8074045,"2/7/20"
"Pycnonotus penicillatus","1",6.9674935,80.7675362,"2/6/20"
"Pycnonotus penicillatus","3",6.8020326,80.8076395,"2/28/20"
"Pycnonotus penicillatus","X",6.959659,80.7981713,"2/1/20"
"Pycnonotus penicillatus","2",6.9495905,80.7895008,"2/10/20"
"Pycnonotus penicillatus","X",6.8017992,80.8074045,"2/27/20"
"Pycnonotus penicillatus","X",6.953947,80.7805824,"2/2/20"
"Pycnonotus penicillatus","1",6.9674935,80.7675362,"2/1/20"
"Pycnonotus penicillatus","2",6.9674935,80.7675362,"2/9/20"
"Pycnonotus penicillatus","2",6.9674935,80.7675362,"2/16/20"
"Pycnonotus penicillatus","2",6.8017992,80.8074045,"2/7/20"
"Pycnonotus penicillatus","8",6.8017992,80.8074045,"2/10/20"
"Pycnonotus penicillatus","3",6.9674935,80.7675362,"2/22/20"
"Pycnonotus penicillatus","3",6.9674935,80.7675362,"2/22/20"
"Pycnonotus penicillatus","1",6.9674935,80.7675362,"2/6/20"
"Pycnonotus penicillatus","2",6.9388991,80.8004003,"2/23/20"
"Pycnonotus penicillatus","6",6.905467,80.79013,"2/11/20"
"Pycnonotus penicillatus","1",6.905467,80.79013,"2/12/20"
"Pycnonotus penicillatus","5",6.8017992,80.8074045,"2/23/20"
"Pycnonotus penicillatus","1",6.961678,80.796659,"2/23/20"
"Pycnonotus penicillatus","5",6.8017992,80.8074045,"2/16/20"
"Pycnonotus penicillatus","6",6.9709007,80.7727211,"2/1/20"
"Pycnonotus penicillatus","3",6.9596683,80.7981563,"2/23/20"
"Pycnonotus penicillatus","7",6.8017992,80.8074045,"2/7/20"
"Pycnonotus penicillatus","1",6.9709007,80.7727211,"2/29/20"
"Pycnonotus penicillatus","1",6.9674935,80.7675362,"2/6/20"
"Pycnonotus penicillatus","6",6.9709007,80.7727211,"2/1/20"
"Pycnonotus penicillatus","4",6.9674935,80.7675362,"2/24/20"
"Pycnonotus penicillatus","2",6.9709007,80.7727211,"2/29/20"
"Pycnonotus penicillatus","2",6.9709007,80.7727211,"2/2/20"
"Pycnonotus penicillatus","X",6.953947,80.7805824,"2/12/20"
"Pycnonotus penicillatus","7",6.8017992,80.8074045,"2/7/20"
"Pycnonotus penicillatus","2",6.9389564,80.7990447,"2/24/20"
"Pycnonotus penicillatus","1",6.9596683,80.7981563,"2/24/20"
"Pycnonotus penicillatus","2",6.93176,80.81201,"2/9/20"
"Pycnonotus penicillatus","2",6.9674935,80.7675362,"2/4/20"
"Pycnonotus penicillatus","7",6.8017992,80.8074045,"2/7/20"
"Pycnonotus penicillatus","5",6.8017992,80.8074045,"2/16/20"
"Pycnonotus penicillatus","2",6.9674935,80.7675362,"2/5/20"
"Pycnonotus penicillatus","2",6.9709007,80.7727211,"2/27/20"
"Pycnonotus penicillatus","2",6.8017992,80.8074045,"2/21/20"
"Pycnonotus penicillatus","1",7.463838,80.782309,"3/6/20"
"Pycnonotus penicillatus","1",7.5403222,80.7350956,"3/7/20"
"Pycnonotus penicillatus","1",7.5403222,80.7350956,"3/9/20"
"Pycnonotus penicillatus","10",7.522836,80.733846,"3/8/20"
"Pycnonotus penicillatus","4",7.540444,80.735133,"3/7/20"
"Pycnonotus penicillatus","8",7.526234,80.740626,"3/9/20"
"Pycnonotus penicillatus","1",7.5403222,80.7350956,"3/6/20"
"Pycnonotus penicillatus","1",7.349309,80.609608,"4/27/20"
"Pycnonotus penicillatus","1",7.349309,80.609608,"4/30/20"
"Pycnonotus penicillatus","1",7.349309,80.609608,"4/24/20"
"Pycnonotus penicillatus","1",7.349309,80.609608,"4/28/20"
"Pycnonotus penicillatus","1",7.349309,80.609608,"6/16/20"
"Pycnonotus penicillatus","2",6.8017992,80.8074045,"6/19/20"
"Pycnonotus penicillatus","3",6.785414,80.77988,"6/26/20"
"Pycnonotus penicillatus","2",7.349309,80.609608,"6/6/20"
"Pycnonotus penicillatus","X",7.5227015,80.7371311,"7/1/20"
"Pycnonotus penicillatus","6",6.9663221,80.7779002,"7/10/20"
"Pycnonotus penicillatus","15",7.0016338,80.8385493,"7/31/20"
"Pycnonotus penicillatus","X",7.5410832,80.7343303,"7/3/20"
"Pycnonotus penicillatus","15",7.0016338,80.8385493,"7/31/20"
"Pycnonotus penicillatus","15",7.0016338,80.8385493,"7/31/20"
"Pycnonotus penicillatus","3",7.0016338,80.8385493,"8/1/20"
"Pycnonotus penicillatus","4",6.8017992,80.8074045,"8/22/20"
"Pycnonotus penicillatus","6",6.8017992,80.8074045,"8/1/20"
"Pycnonotus penicillatus","6",7.148515,80.698393,"8/23/20"
"Pycnonotus penicillatus","10",7.0016338,80.8385493,"8/1/20"
"Pycnonotus penicillatus","20",6.7937452,80.8012247,"8/2/20"
"Pycnonotus penicillatus","6",6.9663434,80.7778788,"8/14/20"
"Pycnonotus penicillatus","8",7.0016338,80.8385493,"8/1/20"
"Pycnonotus penicillatus","10",7.0016338,80.8385493,"8/1/20"
"Pycnonotus penicillatus","12",7.0016338,80.8385493,"8/1/20"
"Pycnonotus penicillatus","3",7.0016338,80.8385493,"8/1/20"
"Pycnonotus penicillatus","12",7.0016338,80.8385493,"8/1/20"
"Pycnonotus penicillatus","3",7.0016338,80.8385493,"8/1/20"
"Pycnonotus penicillatus","20",6.7937452,80.8012247,"8/2/20"
"Pycnonotus penicillatus","12",7.0016338,80.8385493,"8/1/20"
"Pycnonotus penicillatus","20",6.7937452,80.8012247,"8/2/20"
"Pycnonotus penicillatus","8",7.0016338,80.8385493,"8/1/20"
"Pycnonotus penicillatus","5",7.503365,80.7121917,"9/14/20"
"Pycnonotus penicillatus","1",6.8017992,80.8074045,"9/25/20"
"Pycnonotus penicillatus","X",7.3467363,80.8109261,"10/18/20"
"Pycnonotus penicillatus","4",7.3467363,80.8109261,"10/17/20"
"Pycnonotus penicillatus","15",6.93176,80.81201,"10/18/20"
"Pycnonotus penicillatus","4",7.3467363,80.8109261,"10/17/20"
"Pycnonotus penicillatus","10",6.93176,80.81201,"10/17/20"
"Pycnonotus penicillatus","10",6.93176,80.81201,"10/17/20"
"Pycnonotus penicillatus","12",6.9563951,80.7780456,"10/17/20"
"Pycnonotus penicillatus","10",6.93176,80.81201,"10/17/20"
"Pycnonotus penicillatus","10",6.93176,80.81201,"10/17/20"
"Pycnonotus penicillatus","10",7.0414507,80.756526,"10/30/20"
"Pycnonotus penicillatus","X",7.3467363,80.8109261,"10/18/20"
"Pycnonotus penicillatus","2",6.9791734,80.7639766,"12/25/20"
"Pycnonotus penicillatus","40",6.8017992,80.8074045,"12/19/20"
"Pycnonotus penicillatus","5",7.058773,80.7565284,"12/27/20"
"Pycnonotus penicillatus","5",7.0016338,80.8385493,"12/17/20"
"Pycnonotus penicillatus","5",7.0016338,80.8385493,"12/17/20"
"Pycnonotus penicillatus","2",6.9663221,80.7779002,"12/24/20"
"Pycnonotus penicillatus","2",6.8017992,80.8074045,"12/25/20"
"Pycnonotus penicillatus","5",7.0016338,80.8385493,"12/17/20"
"Pycnonotus penicillatus","8",7.0016338,80.8385493,"12/18/20"
"Pycnonotus penicillatus","X",6.9257665,80.8217919,"12/24/20"
"Pycnonotus penicillatus","3",6.8017992,80.8074045,"12/21/20"
"Pycnonotus penicillatus","4",6.9257665,80.8217919,"12/9/20"
"Pycnonotus penicillatus","8",7.0016338,80.8385493,"12/18/20"
"Pycnonotus penicillatus","5",7.0016338,80.8385493,"12/18/20"
"Pycnonotus penicillatus","X",6.9234021,80.815258,"1/28/21"
"Pycnonotus penicillatus","5",6.9674935,80.7675362,"1/20/21"
"Pycnonotus penicillatus","X",6.9578236,80.7624722,"1/26/21"
"Pycnonotus penicillatus","9",6.8017992,80.8074045,"1/4/21"
"Pycnonotus penicillatus","X",6.8017992,80.8074045,"1/27/21"
"Pycnonotus penicillatus","4",6.9663221,80.7779002,"2/26/21"
"Pycnonotus penicillatus","4",6.9663221,80.7779002,"2/20/21"
"Pycnonotus penicillatus","X",6.8017992,80.8074045,"2/25/21"
"Pycnonotus penicillatus","1",6.9699783,80.7672492,"2/13/21"
"Pycnonotus penicillatus","2",7.540738,80.734598,"2/26/21"
"Pycnonotus penicillatus","3",6.8017992,80.8074045,"2/23/21"
"Pycnonotus penicillatus","3",6.9663221,80.7779002,"2/13/21"
"Pycnonotus penicillatus","22",6.8017992,80.8074045,"2/27/21"
"Pycnonotus penicillatus","1",6.9677784,80.7676569,"2/13/21"
"Pycnonotus penicillatus","16",6.8017992,80.8074045,"2/27/21"
"Pycnonotus penicillatus","X",6.3577878,80.4889552,"3/7/12"
"Pycnonotus penicillatus","X",6.3531747,81.4722061,"11/5/12"
"Pycnonotus penicillatus","5",6.3903814,80.5973554,"1/30/14"
"Pycnonotus penicillatus","1",6.4550917,81.5637231,"1/23/15"
"Pycnonotus penicillatus","2",6.3531747,81.4722061,"12/14/16"
"Pycnonotus penicillatus","2",6.3531747,81.4722061,"12/14/16"
"Pycnonotus penicillatus","1",6.2973192,81.2938714,"1/22/17"
"Pycnonotus penicillatus","4",6.3531747,81.4722061,"6/18/17"
"Pycnonotus penicillatus","1",6.188598,81.2200356,"11/29/17"
"Pycnonotus penicillatus","1",6.188598,81.2200356,"11/29/17"
"Pycnonotus penicillatus","1",6.188598,81.2200356,"11/29/17"
"Pycnonotus penicillatus","1",6.188598,81.2200356,"11/29/17"
"Pycnonotus penicillatus","1",6.3903814,80.5973554,"2/28/18"
"Pycnonotus penicillatus","X",6.3903814,80.5973554,"5/14/18"
"Pycnonotus penicillatus","X",6.3903814,80.5973554,"8/25/18"
"Pycnonotus penicillatus","6",6.0594773,80.3158522,"8/13/18"
"Pycnonotus penicillatus","4",6.3745147,81.5104014,"10/29/18"
"Pycnonotus penicillatus","X",6.3903814,80.5973554,"12/8/18"
"Pycnonotus penicillatus","X",6.342024,80.551859,"3/6/19"
"Pycnonotus penicillatus","2",6.342024,80.551859,"3/4/19"
"Pycnonotus penicillatus","2",6.3952323,80.6053215,"4/20/19"
"Pycnonotus penicillatus","1",6.3676645,80.5932144,"4/18/19"
"Pycnonotus penicillatus","X",6.3908448,80.6018961,"5/4/19"
"Pycnonotus penicillatus","X",6.3903814,80.5973554,"5/4/19"
"Pycnonotus penicillatus","X",6.3903814,80.5973554,"7/14/19"
"Pycnonotus penicillatus","2",6.29243,81.30046,"8/29/19"
"Pycnonotus penicillatus","4",6.3903814,80.5973554,"5/22/20"
"Pycnonotus penicillatus","2",6.3903814,80.5973554,"6/7/20"
"Pycnonotus penicillatus","4",6.3860582,80.6029129,"6/7/20"
"Pycnonotus penicillatus","4",6.3860582,80.6029129,"6/7/20"
"Pycnonotus penicillatus","2",6.3579984,80.4893066,"8/30/20"
"Pycnonotus penicillatus","3",6.3903814,80.5973554,"10/18/20"
"Pycnonotus penicillatus","3",6.3903814,80.5973554,"10/18/20"
"Pycnonotus penicillatus","X",6.0906125,80.9354124,"11/18/20"
"Pycnonotus penicillatus","2",6.2328191,81.159718,"11/16/20"
"Pycnonotus penicillatus","2",6.3888547,80.5950423,"1/29/21"
"Pycnonotus penicillatus","4",8.5064982,80.0620937,"12/20/17"
"Pycnonotus penicillatus","X",6.7654385,80.9591449,"7/31/12"
"Pycnonotus penicillatus","4",6.7692842,80.9335542,"12/26/12"
"Pycnonotus penicillatus","1",6.8940481,80.9064102,"7/13/13"
"Pycnonotus penicillatus","X",6.8951956,80.8293343,"8/21/13"
"Pycnonotus penicillatus","X",6.8721,81.0491,"10/7/13"
"Pycnonotus penicillatus","X",6.467308,80.859324,"11/15/13"
"Pycnonotus penicillatus","2",6.8994483,80.9011531,"1/22/15"
"Pycnonotus penicillatus","X",6.8060035,80.8446744,"2/17/15"
"Pycnonotus penicillatus","4",6.6125631,81.1320279,"3/6/15"
"Pycnonotus penicillatus","X",6.8188203,80.8441401,"2/18/16"
"Pycnonotus penicillatus","X",6.8994483,80.9011531,"2/4/16"
"Pycnonotus penicillatus","2",6.8573375,80.830332,"3/24/16"
"Pycnonotus penicillatus","2",6.8573375,80.830332,"3/24/16"
"Pycnonotus penicillatus","2",6.7651903,80.9678181,"5/14/16"
"Pycnonotus penicillatus","2",6.793977,80.820616,"12/5/16"
"Pycnonotus penicillatus","2",6.793977,80.820616,"12/5/16"
"Pycnonotus penicillatus","2",6.793977,80.820616,"12/5/16"
"Pycnonotus penicillatus","2",6.7659601,80.9202719,"1/19/17"
"Pycnonotus penicillatus","2",6.8592032,80.8309862,"2/11/17"
"Pycnonotus penicillatus","4",6.8592032,80.8309862,"2/12/17"
"Pycnonotus penicillatus","2",6.8592032,80.8309862,"2/11/17"
"Pycnonotus penicillatus","2",6.8592032,80.8309862,"2/11/17"
"Pycnonotus penicillatus","4",6.8592032,80.8309862,"2/12/17"
"Pycnonotus penicillatus","4",6.8592032,80.8309862,"2/12/17"
"Pycnonotus penicillatus","4",6.8592032,80.8309862,"2/12/17"
"Pycnonotus penicillatus","X",6.7974526,80.8561081,"3/24/17"
"Pycnonotus penicillatus","1",6.7974526,80.8561081,"4/9/17"
"Pycnonotus penicillatus","1",6.768858,80.9235334,"8/22/17"
"Pycnonotus penicillatus","1",6.766714,80.948913,"1/28/18"
"Pycnonotus penicillatus","5",6.7718358,80.9304374,"2/11/18"
"Pycnonotus penicillatus","1",6.438972,80.889533,"3/27/18"
"Pycnonotus penicillatus","1",6.438972,80.889533,"3/27/18"
"Pycnonotus penicillatus","2",6.7731654,80.8313937,"11/25/18"
"Pycnonotus penicillatus","4",6.8829263,80.80582,"12/3/18"
"Pycnonotus penicillatus","4",6.8214242,80.846508,"2/5/19"
"Pycnonotus penicillatus","3",6.8077267,80.8398063,"2/5/19"
"Pycnonotus penicillatus","X",6.7731654,80.8313937,"2/6/19"
"Pycnonotus penicillatus","4",6.8214242,80.846508,"2/5/19"
"Pycnonotus penicillatus","3",6.8077267,80.8398063,"2/5/19"
"Pycnonotus penicillatus","10",6.81924,80.847719,"4/14/19"
"Pycnonotus penicillatus","1",6.888707,80.874367,"6/3/19"
"Pycnonotus penicillatus","X",6.7806626,81.0154581,"2/29/20"
"Pycnonotus penicillatus","3",6.79721,80.831179,"2/23/20"
"Pycnonotus penicillatus","2",6.7699573,80.933031,"3/12/20"
"Pycnonotus penicillatus","6",6.7718358,80.9304374,"6/9/20"
"Pycnonotus penicillatus","4",6.7718358,80.9304374,"7/10/20"
"Pycnonotus penicillatus","2",6.7718358,80.9304374,"8/14/20"
"Pycnonotus penicillatus","2",6.7731654,80.8313937,"9/24/20"
"Pycnonotus penicillatus","4",6.7718358,80.9304374,"11/12/20"
"Pycnonotus penicillatus","4",6.7718358,80.9304374,"12/10/20"
"Pycnonotus penicillatus","2",6.8991713,80.8291519,"1/23/21"
"Pycnonotus penicillatus","X",6.9127088,80.7953668,"2/25/21"
"Pycnonotus penicillatus","1",6.4678099,80.4270029,"11/27/11"
"Pycnonotus penicillatus","1",6.4678099,80.4270029,"11/27/11"
"Pycnonotus penicillatus","X",6.7378041,80.6792361,"8/24/12"
"Pycnonotus penicillatus","X",6.7285277,80.6379802,"8/25/12"
"Pycnonotus penicillatus","X",6.8114723,80.5000126,"9/1/12"
"Pycnonotus penicillatus","25",6.9872443,80.4288912,"2/21/13"
"Pycnonotus penicillatus","X",6.4089602,80.4453278,"4/1/13"
"Pycnonotus penicillatus","X",6.4089602,80.4453278,"4/1/13"
"Pycnonotus penicillatus","1",6.3896382,80.501563,"4/28/13"
"Pycnonotus penicillatus","6",6.9875995,80.422883,"11/22/13"
"Pycnonotus penicillatus","8",6.4059033,80.610466,"2/2/14"
"Pycnonotus penicillatus","2",6.4416,80.4218,"3/8/14"
"Pycnonotus penicillatus","4",6.389726,80.5013859,"4/12/14"
"Pycnonotus penicillatus","X",6.8114723,80.5000126,"5/14/14"
"Pycnonotus penicillatus","X",6.8114723,80.5000126,"5/15/14"
"Pycnonotus penicillatus","X",6.9929702,80.4185249,"11/3/14"
"Pycnonotus penicillatus","X",6.779981,80.794015,"12/17/14"
"Pycnonotus penicillatus","35",6.8094802,80.499377,"1/25/15"
"Pycnonotus penicillatus","5",7.254428,80.4954014,"3/7/15"
"Pycnonotus penicillatus","X",6.4359525,80.4193291,"12/17/15"
"Pycnonotus penicillatus","5",6.8098697,80.5003258,"1/7/16"
"Pycnonotus penicillatus","2",6.405472,80.431371,"3/31/16"
"Pycnonotus penicillatus","X",6.8114723,80.5000126,"5/6/16"
"Pycnonotus penicillatus","5",6.9923852,80.4145982,"1/17/17"
"Pycnonotus penicillatus","2",6.4284283,80.438737,"2/12/17"
"Pycnonotus penicillatus","5",6.8114723,80.5000126,"5/6/17"
"Pycnonotus penicillatus","X",6.450528,80.412391,"7/23/17"
"Pycnonotus penicillatus","3",6.4089602,80.4453278,"9/17/17"
"Pycnonotus penicillatus","1",6.4089602,80.4453278,"9/17/17"
"Pycnonotus penicillatus","2",6.4333538,80.4185057,"2/11/18"
"Pycnonotus penicillatus","X",6.4089602,80.4453278,"2/16/18"
"Pycnonotus penicillatus","4",6.8114723,80.5000126,"2/11/18"
"Pycnonotus penicillatus","2",6.440509,80.417762,"3/21/18"
"Pycnonotus penicillatus","2",6.9875995,80.422883,"3/18/18"
"Pycnonotus penicillatus","2",6.440509,80.417762,"3/21/18"
"Pycnonotus penicillatus","X",6.4359525,80.4193291,"3/21/18"
"Pycnonotus penicillatus","X",6.4261591,80.824968,"3/18/18"
"Pycnonotus penicillatus","2",6.9875995,80.422883,"3/18/18"
"Pycnonotus penicillatus","X",6.8114723,80.5000126,"4/24/18"
"Pycnonotus penicillatus","X",6.4333538,80.4185057,"7/22/18"
"Pycnonotus penicillatus","10",6.835,80.4083,"8/12/18"
"Pycnonotus penicillatus","1",6.8114723,80.5000126,"10/24/18"
"Pycnonotus penicillatus","4",6.9954532,80.4060308,"11/23/18"
"Pycnonotus penicillatus","X",6.4609601,80.4296851,"12/15/18"
"Pycnonotus penicillatus","X",6.4509908,80.4137206,"12/16/18"
"Pycnonotus penicillatus","1",6.4089602,80.4453278,"1/24/19"
"Pycnonotus penicillatus","1",6.9875995,80.422883,"1/22/19"
"Pycnonotus penicillatus","18",6.8114723,80.5000126,"1/28/19"
"Pycnonotus penicillatus","3",6.4325772,80.4106639,"2/16/19"
"Pycnonotus penicillatus","4",6.4325772,80.4106639,"2/15/19"
"Pycnonotus penicillatus","5",6.432233,80.4162154,"2/17/19"
"Pycnonotus penicillatus","4",6.4325772,80.4106639,"2/15/19"
"Pycnonotus penicillatus","5",6.432233,80.4162154,"2/17/19"
"Pycnonotus penicillatus","3",6.9918379,80.405674,"2/21/19"
"Pycnonotus penicillatus","2",6.8114723,80.5000126,"2/22/19"
"Pycnonotus penicillatus","3",6.4325772,80.4106639,"2/16/19"
"Pycnonotus penicillatus","2",6.4333538,80.4185057,"3/18/19"
"Pycnonotus penicillatus","3",6.4089602,80.4453278,"4/11/19"
"Pycnonotus penicillatus","X",6.4333538,80.4185057,"4/19/19"
"Pycnonotus penicillatus","X",6.4361236,80.6083322,"6/29/19"
"Pycnonotus penicillatus","2",6.99575,80.403186,"6/2/19"
"Pycnonotus penicillatus","2",6.4434606,80.4178834,"8/29/19"
"Pycnonotus penicillatus","1",6.7804209,80.794271,"9/9/19"
"Pycnonotus penicillatus","2",6.7891,80.4605,"9/22/19"
"Pycnonotus penicillatus","2",6.7891,80.4605,"9/22/19"
"Pycnonotus penicillatus","X",6.9918,80.4057,"11/21/19"
"Pycnonotus penicillatus","3",6.993743,80.411,"11/13/19"
"Pycnonotus penicillatus","X",6.9955307,80.4057563,"11/11/19"
"Pycnonotus penicillatus","10",6.8114723,80.5000126,"12/28/19"
"Pycnonotus penicillatus","14",6.8114723,80.5000126,"12/28/19"
"Pycnonotus penicillatus","2",6.8114723,80.5000126,"12/20/19"
"Pycnonotus penicillatus","10",6.8114723,80.5000126,"12/28/19"
"Pycnonotus penicillatus","1",6.8114723,80.5000126,"12/24/19"
"Pycnonotus penicillatus","14",6.8114723,80.5000126,"12/28/19"
"Pycnonotus penicillatus","4",6.431584,80.4151368,"1/3/20"
"Pycnonotus penicillatus","X",6.7891,80.4605,"2/26/20"
"Pycnonotus penicillatus","4",6.4284283,80.438737,"2/17/20"
"Pycnonotus penicillatus","X",6.8114723,80.5000126,"7/12/20"
"Pycnonotus penicillatus","X",6.8114723,80.5000126,"7/11/20"
"Pycnonotus penicillatus","X",6.8082125,80.4772568,"12/24/20"
"Pycnonotus penicillatus","3",6.7601169,80.4486322,"2/27/21"
"Pycnonotus penicillatus","10",6.673977,80.71355,"2/7/21"
